,Label
0,4
1,0
2,5
3,5
4,2
5,5
6,5
7,5
8,0
9,0
10,0
11,0
12,0
13,0
14,4
15,0
16,0
17,5
18,0
19,0
20,4
21,0
22,4
23,5
24,0
25,5
26,5
27,0
28,5
29,5
30,5
31,5
32,4
33,2
34,2
35,4
36,2
37,0
38,0
39,5
40,0
41,5
42,4
43,5
44,5
45,5
46,5
47,4
48,0
49,0
50,5
51,5
52,5
53,4
54,0
55,0
56,0
57,0
58,0
59,0
60,0
61,5
62,0
63,4
64,2
65,0
66,0
67,0
68,5
69,5
70,0
71,0
72,5
73,0
74,0
75,5
76,5
77,5
78,5
79,0
80,0
81,0
82,0
83,2
84,4
85,4
86,0
87,5
88,0
89,0
90,0
91,0
92,5
93,0
94,4
95,0
96,5
97,5
98,5
99,0
100,5
101,5
102,0
103,4
104,5
105,5
106,5
107,5
108,5
109,4
110,5
111,4
112,0
113,0
114,0
115,0
116,0
117,5
118,0
119,0
120,5
121,0
122,5
123,2
124,0
125,5
126,0
127,0
128,0
129,5
130,0
131,0
132,5
133,0
134,4
135,0
136,5
137,4
138,4
139,2
140,0
141,0
142,5
143,4
144,0
145,5
146,5
147,0
148,5
149,2
150,0
151,0
152,0
153,2
154,4
155,5
156,0
157,0
158,4
159,0
160,0
161,0
162,5
163,5
164,0
165,0
166,0
167,4
168,0
169,5
170,5
171,0
172,5
173,1
174,0
175,4
176,0
177,4
178,4
179,5
180,5
181,0
182,0
183,0
184,0
185,4
186,5
187,0
188,0
189,0
190,0
191,0
192,4
193,5
194,2
195,5
196,0
197,3
198,5
199,0
200,5
201,5
202,0
203,5
204,0
205,0
206,2
207,5
208,1
209,0
210,2
211,5
212,0
213,0
214,0
215,5
216,5
217,4
218,5
219,5
220,5
221,0
222,5
223,4
224,5
225,0
226,5
227,0
228,5
229,4
230,4
231,0
232,0
233,5
234,0
235,0
236,5
237,0
238,0
239,4
240,4
241,5
242,0
243,0
244,5
245,0
246,0
247,5
248,0
249,5
250,4
251,5
252,0
253,0
254,5
255,5
256,5
257,0
258,0
259,0
260,0
261,0
262,4
263,5
264,0
265,0
266,5
267,5
268,5
269,0
270,5
271,5
272,4
273,5
274,4
275,4
276,0
277,0
278,0
279,4
280,0
281,4
282,0
283,0
284,2
285,5
286,4
287,5
288,0
289,0
290,0
291,0
292,0
293,4
294,0
295,0
296,5
297,0
298,5
299,5
300,5
301,0
302,0
303,5
304,4
305,0
306,5
307,4
308,4
309,0
310,0
311,0
312,0
313,0
314,0
315,4
316,5
317,0
318,0
319,4
320,0
321,0
322,5
323,4
324,5
325,0
326,4
327,0
328,5
329,1
330,0
331,0
332,5
333,0
334,5
335,5
336,5
337,0
338,4
339,0
340,4
341,5
342,5
343,2
344,0
345,5
346,4
347,0
348,0
349,5
350,5
351,0
352,5
353,5
354,5
355,0
356,4
357,4
358,4
359,0
360,5
361,5
362,0
363,0
364,4
365,5
366,0
367,0
368,0
369,0
370,4
371,5
372,5
373,0
374,0
375,0
376,0
377,5
378,5
379,4
380,5
381,0
382,0
383,0
384,5
385,5
386,5
387,5
388,4
389,0
390,0
391,5
392,5
393,0
394,0
395,0
396,4
397,5
398,5
399,4
400,0
401,5
402,0
403,5
404,5
405,0
406,0
407,5
408,5
409,0
410,5
411,4
412,0
413,5
414,2
415,0
416,0
417,5
418,5
419,5
420,5
421,0
422,5
423,5
424,4
425,0
426,5
427,4
428,5
429,0
430,2
431,5
432,0
433,0
434,5
435,4
436,5
437,5
438,0
439,0
440,0
441,5
442,0
443,0
444,0
445,0
446,0
447,0
448,0
449,4
450,4
451,0
452,5
453,0
454,0
455,0
456,0
457,5
458,0
459,0
460,5
461,4
462,4
463,0
464,0
465,5
466,0
467,0
468,5
469,0
470,0
471,5
472,0
473,5
474,0
475,0
476,4
477,5
478,0
479,0
480,0
481,0
482,0
483,5
484,5
485,0
486,0
487,5
488,0
489,0
490,5
491,0
492,0
493,5
494,0
495,0
496,5
497,2
498,0
499,5
500,5
501,0
502,5
503,4
504,5
505,4
506,0
507,0
508,5
509,2
510,5
511,0
512,5
513,0
514,0
515,0
516,4
517,5
518,0
519,0
520,4
521,5
522,5
523,5
524,5
525,0
526,5
527,4
528,0
529,0
530,0
531,0
532,5
533,5
534,0
535,0
536,0
537,0
538,0
539,0
540,0
541,5
542,0
543,0
544,0
545,0
546,5
547,5
548,0
549,1
550,4
551,5
552,5
553,2
554,0
555,4
556,4
557,5
558,2
559,0
560,0
561,4
562,5
563,5
564,0
565,5
566,0
567,0
568,4
569,5
570,0
571,0
572,0
573,0
574,5
575,0
576,0
577,0
578,5
579,0
580,0
581,0
582,5
583,5
584,0
585,0
586,0
587,0
588,5
589,4
590,0
591,0
592,5
593,5
594,2
595,4
596,0
597,5
598,0
599,0
600,5
601,1
602,0
603,0
604,0
605,5
606,0
607,0
608,0
609,0
610,5
611,0
612,0
613,5
614,5
615,4
616,0
617,0
618,0
619,4
620,0
621,0
622,5
623,5
624,4
625,0
626,4
627,0
628,4
629,0
630,0
631,0
632,1
633,4
634,5
635,4
636,5
637,0
638,0
639,4
640,5
641,5
642,0
643,0
644,5
645,4
646,5
647,0
648,5
649,2
650,0
651,0
652,0
653,4
654,0
655,4
656,0
657,5
658,0
659,1
660,5
661,4
662,5
663,0
664,0
665,0
666,5
667,0
668,5
669,4
670,5
671,2
672,5
673,0
674,0
675,5
676,0
677,0
678,5
679,4
680,5
681,5
682,5
683,5
684,0
685,5
686,1
687,5
688,0
689,4
690,0
691,5
692,0
693,0
694,4
695,5
696,0
697,5
698,0
699,0
700,5
701,5
702,4
703,0
704,5
705,0
706,5
707,0
708,5
709,4
710,5
711,0
712,0
713,5
714,0
715,5
716,5
717,2
718,5
719,0
720,4
721,5
722,2
723,0
724,0
725,1
726,0
727,5
728,5
729,5
730,5
731,5
732,5
733,5
734,0
735,0
736,0
737,0
738,5
739,0
740,0
741,5
742,5
743,0
744,0
745,5
746,0
747,0
748,5
749,4
750,5
751,4
752,4
753,5
754,4
755,0
756,0
757,4
758,0
759,0
760,5
761,4
762,0
763,0
764,0
765,4
766,5
767,0
768,5
769,0
770,5
771,5
772,5
773,4
774,0
775,4
776,5
777,0
778,4
779,5
780,0
781,0
782,5
783,5
784,0
785,0
786,0
787,5
788,0
789,0
790,2
791,0
792,5
793,0
794,0
795,0
796,4
797,0
798,5
799,5
800,0
801,5
802,0
803,0
804,0
805,4
806,0
807,0
808,4
809,0
810,0
811,4
812,0
813,4
814,4
815,5
816,0
817,5
818,4
819,5
820,2
821,5
822,5
823,0
824,0
825,0
826,5
827,5
828,0
829,4
830,0
831,0
832,0
833,0
834,0
835,0
836,5
837,0
838,5
839,0
840,5
841,0
842,4
843,2
844,5
845,0
846,0
847,0
848,0
849,0
850,0
851,0
852,5
853,4
854,5
855,5
856,5
857,5
858,0
859,5
860,5
861,4
862,5
863,5
864,5
865,0
866,5
867,4
868,0
869,0
870,5
871,5
872,0
873,5
874,0
875,0
876,0
877,4
878,0
879,5
880,0
881,5
882,0
883,0
884,5
885,0
886,0
887,0
888,0
889,5
890,0
891,0
892,0
893,0
894,0
895,5
896,0
897,0
898,5
899,0
900,5
901,2
902,5
903,0
904,2
905,5
906,0
907,4
908,4
909,4
910,4
911,5
912,5
913,0
914,5
915,0
916,0
917,5
918,0
919,0
920,0
921,4
922,5
923,4
924,4
925,4
926,0
927,5
928,5
929,5
930,5
931,0
932,0
933,5
934,5
935,0
936,0
937,0
938,0
939,4
940,0
941,5
942,4
943,4
944,0
945,0
946,5
947,5
948,0
949,2
950,0
951,0
952,0
953,0
954,0
955,0
956,4
957,0
958,0
959,0
960,4
961,4
962,0
963,5
964,0
965,4
966,0
967,5
968,5
969,0
970,5
971,0
972,0
973,5
974,0
975,0
976,5
977,0
978,0
979,5
980,0
981,4
982,0
983,0
984,0
985,5
986,0
987,1
988,0
989,4
990,2
991,0
992,0
993,5
994,2
995,0
996,4
997,0
998,0
999,2
1000,0
1001,2
1002,5
1003,0
1004,0
1005,0
1006,0
1007,5
1008,0
1009,0
1010,5
1011,0
1012,0
1013,5
1014,5
1015,0
1016,0
1017,5
1018,0
1019,4
1020,4
1021,5
1022,0
1023,5
1024,4
1025,1
1026,5
1027,0
1028,0
1029,4
1030,5
1031,4
1032,5
1033,5
1034,0
1035,5
1036,5
1037,5
1038,5
1039,5
1040,5
1041,5
1042,4
1043,0
1044,5
1045,4
1046,0
1047,0
1048,2
1049,0
1050,5
1051,0
1052,4
1053,0
1054,5
1055,0
1056,2
1057,0
1058,5
1059,5
1060,0
1061,4
1062,5
1063,5
1064,5
1065,0
1066,0
1067,0
1068,0
1069,5
1070,5
1071,5
1072,0
1073,5
1074,0
1075,0
1076,0
1077,4
1078,0
1079,5
1080,5
1081,5
1082,5
1083,0
1084,5
1085,0
1086,0
1087,5
1088,0
1089,1
1090,0
1091,4
1092,0
1093,2
1094,4
1095,0
1096,0
1097,0
1098,1
1099,0
1100,0
1101,5
1102,4
1103,4
1104,4
1105,0
1106,4
1107,0
1108,0
1109,4
1110,4
1111,0
1112,0
1113,4
1114,4
1115,0
1116,4
1117,0
1118,5
1119,0
1120,0
1121,0
1122,5
1123,5
1124,5
1125,0
1126,5
1127,0
1128,5
1129,5
1130,0
1131,5
1132,0
1133,0
1134,5
1135,0
1136,0
1137,0
1138,0
1139,2
1140,0
1141,5
1142,4
1143,0
1144,0
1145,5
1146,0
1147,0
1148,0
1149,0
1150,0
1151,0
1152,5
1153,4
1154,5
1155,4
1156,0
1157,5
1158,2
1159,0
1160,0
1161,4
1162,0
1163,5
1164,0
1165,0
1166,0
1167,5
1168,1
1169,0
1170,2
1171,0
1172,0
1173,5
1174,0
1175,0
1176,5
1177,5
1178,4
1179,5
1180,0
1181,5
1182,4
1183,4
1184,5
1185,0
1186,0
1187,5
1188,5
1189,5
1190,5
1191,5
1192,0
1193,0
1194,2
1195,5
1196,5
1197,0
1198,5
1199,4
1200,0
1201,5
1202,0
1203,4
1204,0
1205,5
1206,4
1207,0
1208,0
1209,0
1210,1
1211,5
1212,0
1213,0
1214,4
1215,5
1216,2
1217,0
1218,4
1219,0
1220,0
1221,0
1222,0
1223,5
1224,5
1225,5
1226,0
1227,1
1228,5
1229,5
1230,0
1231,5
1232,4
1233,0
1234,4
1235,5
1236,2
1237,0
1238,0
1239,5
1240,5
1241,0
1242,5
1243,0
1244,4
1245,0
1246,4
1247,4
1248,5
1249,0
1250,5
1251,0
1252,0
1253,0
1254,4
1255,5
1256,5
1257,5
1258,5
1259,4
1260,0
1261,5
1262,5
1263,5
1264,4
1265,0
1266,0
1267,5
1268,5
1269,0
1270,1
1271,0
1272,2
1273,4
1274,5
1275,0
1276,0
1277,0
1278,0
1279,5
1280,5
1281,5
1282,0
1283,4
1284,0
1285,5
1286,4
1287,0
1288,1
1289,0
1290,2
1291,0
1292,0
1293,5
1294,5
1295,5
1296,5
1297,5
1298,0
1299,2
1300,0
1301,5
1302,5
1303,0
1304,5
1305,0
1306,1
1307,0
1308,4
1309,5
1310,0
1311,0
1312,4
1313,5
1314,5
1315,0
1316,5
1317,0
1318,5
1319,0
1320,0
1321,5
1322,4
1323,5
1324,5
1325,2
1326,0
1327,5
1328,5
1329,5
1330,0
1331,5
1332,0
1333,2
1334,5
1335,5
1336,0
1337,5
1338,4
1339,0
1340,5
1341,0
1342,5
1343,5
1344,0
1345,0
1346,0
1347,0
1348,4
1349,4
1350,0
1351,4
1352,5
1353,0
1354,5
1355,5
1356,0
1357,0
1358,0
1359,5
1360,5
1361,0
1362,5
1363,5
1364,0
1365,5
1366,4
1367,5
1368,2
1369,5
1370,0
1371,5
1372,0
1373,0
1374,5
1375,0
1376,0
1377,2
1378,5
1379,0
1380,0
1381,0
1382,4
1383,0
1384,4
1385,0
1386,0
1387,0
1388,5
1389,5
1390,5
1391,5
1392,5
1393,0
1394,0
1395,4
1396,0
1397,5
1398,5
1399,5
1400,0
1401,0
1402,0
1403,5
1404,5
1405,0
1406,4
1407,0
1408,5
1409,2
1410,4
1411,2
1412,1
1413,0
1414,5
1415,0
1416,1
1417,0
1418,4
1419,0
1420,5
1421,0
1422,4
1423,0
1424,5
1425,0
1426,5
1427,1
1428,0
1429,5
1430,5
1431,5
1432,2
1433,4
1434,0
1435,0
1436,0
1437,4
1438,0
1439,4
1440,2
1441,4
1442,5
1443,5
1444,0
1445,1
1446,2
1447,5
1448,0
1449,1
1450,0
1451,5
1452,0
1453,0
1454,4
1455,0
1456,0
1457,0
1458,5
1459,0
1460,5
1461,0
1462,5
1463,0
1464,0
1465,0
1466,5
1467,0
1468,0
1469,5
1470,5
1471,2
1472,0
1473,5
1474,4
1475,4
1476,0
1477,5
1478,0
1479,0
1480,0
1481,0
1482,0
1483,4
1484,0
1485,0
1486,0
1487,0
1488,0
1489,0
1490,5
1491,0
1492,0
1493,0
1494,0
1495,4
1496,0
1497,4
1498,0
1499,0
1500,0
1501,5
1502,0
1503,5
1504,5
1505,5
1506,5
1507,5
1508,5
1509,4
1510,0
1511,2
1512,4
1513,5
1514,0
1515,0
1516,0
1517,0
1518,0
1519,0
1520,5
1521,0
1522,0
1523,4
1524,2
1525,0
1526,5
1527,0
1528,4
1529,0
1530,0
1531,0
1532,5
1533,4
1534,0
1535,5
1536,4
1537,0
1538,0
1539,0
1540,5
1541,4
1542,5
1543,0
1544,0
1545,5
1546,0
1547,5
1548,0
1549,0
1550,0
1551,5
1552,0
1553,5
1554,5
1555,2
1556,5
1557,5
1558,0
1559,5
1560,5
1561,0
1562,5
1563,5
1564,5
1565,5
1566,5
1567,2
1568,2
1569,0
1570,5
1571,5
1572,2
1573,0
1574,5
1575,0
1576,0
1577,0
1578,5
1579,0
1580,0
1581,4
1582,4
1583,2
1584,2
1585,4
1586,0
1587,0
1588,0
1589,5
1590,0
1591,0
1592,0
1593,5
1594,5
1595,5
1596,0
1597,0
1598,0
1599,5
1600,5
1601,0
1602,5
1603,0
1604,0
1605,5
1606,5
1607,4
1608,0
1609,0
1610,0
1611,4
1612,5
1613,5
1614,0
1615,0
1616,5
1617,0
1618,0
1619,5
1620,5
1621,0
1622,0
1623,0
1624,0
1625,0
1626,2
1627,0
1628,5
1629,5
1630,5
1631,5
1632,0
1633,4
1634,0
1635,0
1636,4
1637,1
1638,0
1639,5
1640,5
1641,0
1642,0
1643,5
1644,5
1645,5
1646,5
1647,5
1648,0
1649,4
1650,0
1651,5
1652,5
1653,0
1654,0
1655,0
1656,5
1657,5
1658,0
1659,0
1660,0
1661,5
1662,4
1663,5
1664,0
1665,0
1666,0
1667,4
1668,0
1669,5
1670,5
1671,4
1672,5
1673,5
1674,5
1675,0
1676,5
1677,0
1678,5
1679,4
1680,4
1681,4
1682,0
1683,4
1684,2
1685,5
1686,5
1687,5
1688,0
1689,5
1690,2
1691,0
1692,5
1693,2
1694,4
1695,0
1696,5
1697,0
1698,4
1699,0
1700,0
1701,2
1702,0
1703,0
1704,0
1705,4
1706,5
1707,0
1708,5
1709,2
1710,0
1711,5
1712,0
1713,0
1714,5
1715,0
1716,4
1717,0
1718,0
1719,1
1720,5
1721,0
1722,4
1723,4
1724,0
1725,0
1726,0
1727,4
1728,0
1729,0
1730,4
1731,4
1732,0
1733,5
1734,5
1735,0
1736,0
1737,5
1738,4
1739,0
1740,0
1741,5
1742,0
1743,0
1744,1
1745,5
1746,0
1747,5
1748,0
1749,5
1750,1
1751,5
1752,0
1753,4
1754,5
1755,5
1756,2
1757,5
1758,5
1759,5
1760,5
1761,0
1762,4
1763,5
1764,5
1765,0
1766,5
1767,0
1768,4
1769,0
1770,5
1771,0
1772,0
1773,4
1774,0
1775,0
1776,5
1777,4
1778,2
1779,5
1780,0
1781,0
1782,0
1783,0
1784,5
1785,0
1786,0
1787,0
1788,0
1789,5
1790,2
1791,0
1792,0
1793,0
1794,0
1795,5
1796,0
1797,0
1798,5
1799,0
1800,2
1801,5
1802,5
1803,5
1804,0
1805,0
1806,0
1807,5
1808,0
1809,5
1810,4
1811,0
1812,0
1813,4
1814,0
1815,5
1816,5
1817,2
1818,4
1819,0
1820,0
1821,4
1822,5
1823,5
1824,2
1825,5
1826,0
1827,4
1828,5
1829,4
1830,5
1831,0
1832,5
1833,5
1834,0
1835,2
1836,0
1837,0
1838,0
1839,5
1840,5
1841,0
1842,0
1843,0
1844,0
1845,0
1846,0
1847,0
1848,4
1849,4
1850,0
1851,0
1852,2
1853,5
1854,5
1855,0
1856,0
1857,4
1858,5
1859,4
1860,4
1861,0
1862,4
1863,0
1864,0
1865,0
1866,4
1867,5
1868,5
1869,0
1870,0
1871,0
1872,0
1873,4
1874,4
1875,5
1876,0
1877,5
1878,4
1879,0
1880,5
1881,5
1882,5
1883,0
1884,0
1885,0
1886,0
1887,5
1888,5
1889,0
1890,5
1891,0
1892,0
1893,5
1894,0
1895,0
1896,0
1897,4
1898,5
1899,5
1900,0
1901,0
1902,0
1903,0
1904,0
1905,4
1906,4
1907,4
1908,5
1909,4
1910,0
1911,5
1912,5
1913,5
1914,0
1915,5
1916,0
1917,4
1918,5
1919,1
1920,4
1921,5
1922,2
1923,4
1924,2
1925,5
1926,4
1927,0
1928,0
1929,1
1930,0
1931,4
1932,0
1933,0
1934,5
1935,2
1936,5
1937,5
1938,5
1939,5
1940,5
1941,0
1942,0
1943,0
1944,5
1945,4
1946,0
1947,5
1948,0
1949,0
1950,0
1951,5
1952,4
1953,0
1954,5
1955,0
1956,5
1957,5
1958,0
1959,0
1960,5
1961,0
1962,0
1963,0
1964,4
1965,4
1966,1
1967,0
1968,4
1969,5
1970,5
1971,5
1972,0
1973,5
1974,0
1975,0
1976,0
1977,0
1978,5
1979,0
1980,4
1981,4
1982,0
1983,2
1984,4
1985,0
1986,5
1987,0
1988,0
1989,5
1990,5
1991,4
1992,0
1993,5
1994,5
1995,4
1996,0
1997,0
1998,0
1999,0
2000,0
2001,0
2002,0
2003,0
2004,0
2005,5
2006,4
2007,0
2008,2
2009,5
2010,0
2011,0
2012,0
2013,0
2014,4
2015,5
2016,0
2017,0
2018,0
2019,0
2020,5
2021,4
2022,0
2023,0
2024,0
2025,5
2026,5
2027,5
2028,4
2029,5
2030,4
2031,0
2032,2
2033,5
2034,0
2035,4
2036,0
2037,0
2038,0
2039,5
2040,0
2041,5
2042,5
2043,0
2044,5
2045,0
2046,0
2047,5
2048,0
2049,4
2050,5
2051,4
2052,4
2053,4
2054,0
2055,0
2056,0
2057,0
2058,5
2059,5
2060,5
2061,0
2062,5
2063,4
2064,0
2065,0
2066,4
2067,0
2068,4
2069,0
2070,5
2071,0
2072,2
2073,2
2074,5
2075,0
2076,5
2077,0
2078,5
2079,4
2080,5
2081,0
2082,0
2083,0
2084,0
2085,0
2086,0
2087,5
2088,4
2089,4
2090,0
2091,4
2092,5
2093,0
2094,0
2095,0
2096,0
2097,5
2098,5
2099,4
2100,0
2101,5
2102,5
2103,2
2104,5
2105,5
2106,4
2107,0
2108,0
2109,5
2110,0
2111,0
2112,1
2113,0
2114,4
2115,5
2116,5
2117,4
2118,5
2119,0
2120,5
2121,4
2122,4
2123,0
2124,5
2125,5
2126,0
2127,5
2128,4
2129,0
2130,5
2131,0
2132,0
2133,0
2134,0
2135,0
2136,0
2137,0
2138,0
2139,5
2140,4
2141,0
2142,5
2143,0
2144,0
2145,5
2146,0
2147,5
2148,5
2149,0
2150,0
2151,5
2152,1
2153,0
2154,0
2155,0
2156,5
2157,0
2158,5
2159,5
2160,5
2161,4
2162,0
2163,5
2164,0
2165,0
2166,4
2167,0
2168,0
2169,5
2170,5
2171,0
2172,0
2173,0
2174,2
2175,5
2176,5
2177,0
2178,0
2179,5
2180,4
2181,0
2182,0
2183,0
2184,0
2185,0
2186,4
2187,5
2188,4
2189,5
2190,5
2191,4
2192,0
2193,5
2194,0
2195,4
2196,0
2197,5
2198,5
2199,5
2200,0
2201,0
2202,0
2203,0
2204,5
2205,4
2206,0
2207,0
2208,5
2209,0
2210,5
2211,0
2212,5
2213,4
2214,0
2215,0
2216,5
2217,5
2218,0
2219,0
2220,0
2221,4
2222,0
2223,0
2224,5
2225,4
2226,0
2227,0
2228,1
2229,0
2230,5
2231,0
2232,0
2233,0
2234,0
2235,4
2236,0
2237,0
2238,0
2239,5
2240,0
2241,2
2242,0
2243,0
2244,0
2245,0
2246,0
2247,5
2248,0
2249,4
2250,2
2251,0
2252,5
2253,4
2254,0
2255,5
2256,5
2257,0
2258,4
2259,5
2260,2
2261,0
2262,0
2263,0
2264,0
2265,0
2266,2
2267,4
2268,0
2269,5
2270,5
2271,0
2272,4
2273,5
2274,0
2275,0
2276,4
2277,0
2278,0
2279,0
2280,0
2281,0
2282,0
2283,0
2284,5
2285,5
2286,4
2287,4
2288,0
2289,2
2290,5
2291,0
2292,0
2293,5
2294,0
2295,0
2296,4
2297,0
2298,5
2299,5
2300,2
2301,4
2302,5
2303,4
2304,0
2305,5
2306,5
2307,5
2308,4
2309,0
2310,2
2311,5
2312,5
2313,4
2314,0
2315,5
2316,5
2317,0
2318,5
2319,4
2320,2
2321,0
2322,4
2323,4
2324,0
2325,0
2326,0
2327,5
2328,0
2329,0
2330,5
2331,0
2332,0
2333,0
2334,0
2335,0
2336,0
2337,0
2338,0
2339,0
2340,5
2341,5
2342,5
2343,0
2344,4
2345,5
2346,5
2347,0
2348,5
2349,5
2350,0
2351,5
2352,5
2353,5
2354,5
2355,0
2356,4
2357,0
2358,4
2359,4
2360,5
2361,5
2362,0
2363,4
2364,0
2365,5
2366,5
2367,0
2368,5
2369,4
2370,5
2371,5
2372,0
2373,0
2374,0
2375,0
2376,5
2377,0
2378,5
2379,2
2380,5
2381,4
2382,5
2383,5
2384,0
2385,0
2386,2
2387,0
2388,2
2389,0
2390,0
2391,2
2392,0
2393,0
2394,5
2395,0
2396,4
2397,4
2398,5
2399,4
2400,0
2401,4
2402,4
2403,5
2404,5
2405,0
2406,0
2407,5
2408,2
2409,2
2410,0
2411,0
2412,0
2413,0
2414,5
2415,4
2416,0
2417,5
2418,5
2419,5
2420,0
2421,0
2422,0
2423,0
2424,0
2425,5
2426,0
2427,0
2428,1
2429,4
2430,0
2431,4
2432,0
2433,5
2434,0
2435,4
2436,0
2437,0
2438,0
2439,0
2440,5
2441,0
2442,0
2443,0
2444,0
2445,0
2446,0
2447,0
2448,4
2449,0
2450,5
2451,0
2452,5
2453,5
2454,4
2455,0
2456,0
2457,4
2458,5
2459,4
2460,5
2461,2
2462,1
2463,0
2464,5
2465,1
2466,0
2467,0
2468,0
2469,0
2470,0
2471,0
2472,4
2473,0
2474,5
2475,5
2476,5
2477,0
2478,5
2479,5
2480,0
2481,0
2482,5
2483,0
2484,4
2485,0
2486,5
2487,0
2488,0
2489,5
2490,0
2491,5
2492,5
2493,0
2494,2
2495,5
2496,1
2497,5
2498,5
2499,0
2500,5
2501,0
2502,4
2503,0
2504,5
2505,5
2506,2
2507,5
2508,4
2509,5
2510,0
2511,4
2512,0
2513,5
2514,4
2515,4
2516,0
2517,5
2518,4
2519,0
2520,5
2521,0
2522,4
2523,5
2524,5
2525,0
2526,0
2527,0
2528,0
2529,0
2530,5
2531,4
2532,0
2533,0
2534,0
2535,4
2536,0
2537,0
2538,5
2539,0
2540,4
2541,5
2542,5
2543,0
2544,5
2545,0
2546,4
2547,5
2548,5
2549,5
2550,0
2551,0
2552,2
2553,5
2554,0
2555,5
2556,0
2557,0
2558,0
2559,0
2560,0
2561,0
2562,0
2563,0
2564,4
2565,0
2566,0
2567,2
2568,0
2569,5
2570,5
2571,0
2572,5
2573,5
2574,4
2575,0
2576,1
2577,4
2578,0
2579,0
2580,5
2581,2
2582,5
2583,4
2584,0
2585,2
2586,0
2587,0
2588,0
2589,5
2590,0
2591,4
2592,0
2593,0
2594,0
2595,4
2596,1
2597,0
2598,0
2599,0
2600,0
2601,5
2602,0
2603,0
2604,5
2605,4
2606,0
2607,0
2608,4
2609,0
2610,5
2611,5
2612,5
2613,0
2614,2
2615,5
2616,0
2617,0
2618,0
2619,2
2620,0
2621,5
2622,4
2623,0
2624,0
2625,5
2626,0
2627,0
2628,5
2629,4
2630,0
2631,5
2632,0
2633,0
2634,2
2635,5
2636,5
2637,0
2638,0
2639,5
2640,0
2641,4
2642,0
2643,0
2644,5
2645,4
2646,4
2647,5
2648,5
2649,1
2650,0
2651,0
2652,0
2653,2
2654,0
2655,0
2656,5
2657,0
2658,5
2659,0
2660,0
2661,0
2662,0
2663,0
2664,2
2665,0
2666,5
2667,5
2668,4
2669,5
2670,5
2671,0
2672,0
2673,4
2674,0
2675,0
2676,5
2677,0
2678,5
2679,5
2680,4
2681,5
2682,0
2683,0
2684,0
2685,5
2686,5
2687,5
2688,5
2689,0
2690,5
2691,0
2692,0
2693,5
2694,0
2695,0
2696,5
2697,5
2698,5
2699,4
2700,2
2701,0
2702,4
2703,5
2704,0
2705,4
2706,0
2707,0
2708,0
2709,5
2710,5
2711,0
2712,5
2713,5
2714,2
2715,0
2716,5
2717,5
2718,0
2719,4
2720,0
2721,4
2722,0
2723,5
2724,0
2725,2
2726,0
2727,4
2728,4
2729,0
2730,2
2731,5
2732,5
2733,2
2734,0
2735,0
2736,4
2737,5
2738,1
2739,2
2740,5
2741,5
2742,0
2743,0
2744,5
2745,0
2746,5
2747,4
2748,4
2749,4
2750,5
2751,0
2752,5
2753,0
2754,5
2755,0
2756,0
2757,5
2758,5
2759,0
2760,1
2761,0
2762,4
2763,0
2764,5
2765,5
2766,4
2767,0
2768,0
2769,0
2770,5
2771,5
2772,5
2773,4
2774,5
2775,0
2776,5
2777,0
2778,0
2779,2
2780,5
2781,0
2782,5
2783,0
2784,0
2785,5
2786,5
2787,0
2788,0
2789,0
2790,0
2791,0
2792,0
2793,0
2794,4
2795,0
2796,0
2797,0
2798,2
2799,5
2800,5
2801,0
2802,5
2803,0
2804,0
2805,0
2806,0
2807,0
2808,4
2809,5
2810,5
2811,5
2812,4
2813,4
2814,2
2815,0
2816,2
2817,0
2818,2
2819,4
2820,5
2821,0
2822,0
2823,4
2824,5
2825,0
2826,5
2827,5
2828,0
2829,0
2830,5
2831,5
2832,2
2833,0
2834,5
2835,0
2836,5
2837,0
2838,0
2839,4
2840,5
2841,2
2842,0
2843,5
2844,5
2845,0
2846,0
2847,0
2848,0
2849,5
2850,5
2851,5
2852,0
2853,5
2854,0
2855,0
2856,5
2857,0
2858,5
2859,5
2860,5
2861,0
2862,0
2863,5
2864,5
2865,0
2866,0
2867,5
2868,0
2869,0
2870,5
2871,3
2872,0
2873,0
2874,5
2875,5
2876,0
2877,0
2878,5
2879,5
2880,0
2881,5
2882,0
2883,0
2884,0
2885,0
2886,5
2887,5
2888,5
2889,0
2890,4
2891,4
2892,0
2893,0
2894,0
2895,5
2896,0
2897,5
2898,2
2899,5
2900,4
2901,5
2902,1
2903,2
2904,0
2905,0
2906,5
2907,0
2908,4
2909,2
2910,2
2911,5
2912,2
2913,0
2914,5
2915,2
2916,4
2917,5
2918,4
2919,5
2920,5
2921,0
2922,0
2923,5
2924,0
2925,5
2926,0
2927,4
2928,0
2929,4
2930,0
2931,5
2932,5
2933,4
2934,5
2935,0
2936,0
2937,0
2938,0
2939,0
2940,0
2941,5
2942,0
2943,4
2944,5
2945,5
2946,5
2947,5
2948,4
2949,0
2950,2
2951,0
2952,4
2953,5
2954,5
2955,0
2956,4
2957,0
2958,0
2959,0
2960,0
2961,5
2962,0
2963,0
2964,0
2965,2
2966,0
2967,5
2968,5
2969,5
2970,0
2971,0
2972,5
2973,5
2974,5
2975,4
2976,5
2977,2
2978,0
2979,3
2980,5
2981,2
2982,0
2983,4
2984,0
2985,0
2986,5
2987,0
2988,0
2989,5
2990,5
2991,0
2992,4
2993,0
2994,0
2995,4
2996,4
2997,0
2998,0
2999,0
3000,4
3001,0
3002,5
3003,5
3004,5
3005,4
3006,5
3007,0
3008,0
3009,5
3010,0
3011,4
3012,5
3013,5
3014,0
3015,0
3016,5
3017,5
3018,0
3019,5
3020,5
3021,5
3022,0
3023,5
3024,0
3025,0
3026,4
3027,0
3028,0
3029,0
3030,0
3031,0
3032,5
3033,4
3034,4
3035,5
3036,0
3037,5
3038,5
3039,5
3040,4
3041,0
3042,0
3043,5
3044,0
3045,0
3046,0
3047,0
3048,5
3049,5
3050,0
3051,4
3052,4
3053,0
3054,0
3055,5
3056,0
3057,5
3058,0
3059,0
3060,0
3061,0
3062,5
3063,0
3064,0
3065,0
3066,5
3067,5
3068,0
3069,4
3070,2
3071,4
3072,4
3073,5
3074,4
3075,0
3076,5
3077,0
3078,0
3079,4
3080,0
3081,5
3082,4
3083,4
3084,5
3085,5
3086,2
3087,5
3088,0
3089,0
3090,0
3091,5
3092,5
3093,5
3094,0
3095,0
3096,5
3097,5
3098,0
3099,4
3100,4
3101,0
3102,0
3103,0
3104,1
3105,0
3106,0
3107,5
3108,5
3109,0
3110,0
3111,0
3112,5
3113,0
3114,2
3115,4
3116,2
3117,5
3118,5
3119,2
3120,0
3121,4
3122,0
3123,4
3124,5
3125,0
3126,0
3127,5
3128,0
3129,0
3130,2
3131,5
3132,0
3133,5
3134,4
3135,5
3136,0
3137,4
3138,0
3139,0
3140,4
3141,5
3142,0
3143,0
3144,5
3145,4
3146,0
3147,0
3148,0
3149,0
3150,2
3151,2
3152,5
3153,0
3154,4
3155,5
3156,0
3157,0
3158,4
3159,5
3160,0
3161,0
3162,5
3163,0
3164,5
3165,0
3166,5
3167,5
3168,0
3169,0
3170,0
3171,0
3172,5
3173,0
3174,4
3175,4
3176,0
3177,5
3178,5
3179,5
3180,5
3181,0
3182,4
3183,0
3184,5
3185,5
3186,0
3187,5
3188,5
3189,0
3190,0
3191,0
3192,0
3193,2
3194,0
3195,5
3196,0
3197,5
3198,4
3199,4
3200,0
3201,0
3202,4
3203,0
3204,5
3205,5
3206,0
3207,0
3208,5
3209,5
3210,0
3211,5
3212,5
3213,0
3214,0
3215,5
3216,5
3217,5
3218,5
3219,5
3220,0
3221,4
3222,0
3223,0
3224,0
3225,0
3226,4
3227,5
3228,0
3229,0
3230,0
3231,5
3232,5
3233,4
3234,5
3235,0
3236,0
3237,0
3238,2
3239,5
3240,4
3241,5
3242,5
3243,5
3244,4
3245,0
3246,0
3247,0
3248,4
3249,0
3250,5
3251,0
3252,5
3253,4
3254,0
3255,5
3256,4
3257,0
3258,5
3259,5
3260,5
3261,0
3262,0
3263,0
3264,0
3265,4
3266,5
3267,0
3268,0
3269,5
3270,0
3271,0
3272,5
3273,0
3274,0
3275,0
3276,5
3277,0
3278,5
3279,4
3280,5
3281,5
3282,0
3283,5
3284,0
3285,0
3286,0
3287,0
3288,0
3289,5
3290,4
3291,5
3292,4
3293,0
3294,5
3295,5
3296,0
3297,3
3298,0
3299,0
3300,0
3301,0
3302,5
3303,0
3304,4
3305,0
3306,5
3307,0
3308,5
3309,4
3310,5
3311,4
3312,0
3313,4
3314,0
3315,0
3316,5
3317,5
3318,0
3319,5
3320,5
3321,0
3322,5
3323,5
3324,5
3325,0
3326,0
3327,0
3328,5
3329,5
3330,5
3331,5
3332,0
3333,0
3334,5
3335,5
3336,0
3337,2
3338,5
3339,2
3340,0
3341,5
3342,4
3343,0
3344,0
3345,5
3346,0
3347,5
3348,0
3349,0
3350,4
3351,0
3352,5
3353,0
3354,0
3355,0
3356,4
3357,0
3358,0
3359,5
3360,5
3361,4
3362,0
3363,4
3364,5
3365,0
3366,4
3367,4
3368,5
3369,0
3370,0
3371,5
3372,2
3373,0
3374,4
3375,0
3376,0
3377,0
3378,0
3379,4
3380,5
3381,0
3382,4
3383,4
3384,0
3385,0
3386,0
3387,0
3388,5
3389,2
3390,5
3391,5
3392,0
3393,0
3394,0
3395,0
3396,0
3397,5
3398,5
3399,4
3400,5
3401,0
3402,5
3403,5
3404,0
3405,0
3406,4
3407,5
3408,2
3409,0
3410,4
3411,0
3412,0
3413,0
3414,4
3415,5
3416,5
3417,0
3418,0
3419,0
3420,0
3421,5
3422,2
3423,0
3424,0
3425,4
3426,0
3427,5
3428,4
3429,4
3430,5
3431,5
3432,5
3433,0
3434,0
3435,0
3436,5
3437,5
3438,4
3439,0
3440,4
3441,4
3442,5
3443,5
3444,5
3445,5
3446,0
3447,2
3448,4
3449,0
3450,0
3451,5
3452,5
3453,0
3454,0
3455,0
3456,0
3457,0
3458,1
3459,4
3460,5
3461,4
3462,0
3463,5
3464,5
3465,5
3466,5
3467,0
3468,4
3469,0
3470,0
3471,5
3472,0
3473,0
3474,0
3475,4
3476,5
3477,2
3478,0
3479,5
3480,5
3481,5
3482,4
3483,5
3484,0
3485,4
3486,5
3487,0
3488,4
3489,4
3490,5
3491,0
3492,0
3493,2
3494,0
3495,5
3496,5
3497,4
3498,0
3499,4
3500,0
3501,5
3502,4
3503,5
3504,4
3505,0
3506,5
3507,4
3508,4
3509,0
3510,0
3511,0
3512,0
3513,4
3514,5
3515,0
3516,0
3517,5
3518,0
3519,0
3520,0
3521,0
3522,2
3523,5
3524,0
3525,4
3526,4
3527,5
3528,0
3529,4
3530,5
3531,5
3532,2
3533,0
3534,0
3535,1
3536,5
3537,5
3538,5
3539,5
3540,0
3541,0
3542,5
3543,0
3544,0
3545,0
3546,4
3547,4
3548,5
3549,0
3550,0
3551,0
3552,5
3553,5
3554,4
3555,5
3556,4
3557,4
3558,4
3559,5
3560,0
3561,0
3562,5
3563,4
3564,4
3565,4
3566,0
3567,0
3568,5
3569,0
3570,0
3571,5
3572,0
3573,4
3574,1
3575,5
3576,5
3577,0
3578,0
3579,4
3580,5
3581,5
3582,0
3583,5
3584,0
3585,4
3586,5
3587,5
3588,0
3589,0
3590,0
3591,0
3592,0
3593,0
3594,0
3595,0
3596,0
3597,5
3598,0
3599,0
3600,0
3601,0
3602,0
3603,5
3604,4
3605,0
3606,0
3607,0
3608,5
3609,5
3610,5
3611,4
3612,0
3613,0
3614,4
3615,5
3616,4
3617,0
3618,4
3619,4
3620,4
3621,5
3622,0
3623,0
3624,0
3625,0
3626,2
3627,5
3628,5
3629,5
3630,0
3631,0
3632,5
3633,0
3634,5
3635,5
3636,5
3637,0
3638,5
3639,0
3640,5
3641,5
3642,0
3643,5
3644,0
3645,0
3646,0
3647,0
3648,5
3649,4
3650,0
3651,0
3652,0
3653,2
3654,0
3655,0
3656,0
3657,5
3658,0
3659,5
3660,4
3661,0
3662,0
3663,0
3664,0
3665,4
3666,5
3667,4
3668,5
3669,5
3670,5
3671,0
3672,4
3673,0
3674,5
3675,0
3676,5
3677,0
3678,5
3679,0
3680,5
3681,0
3682,5
3683,0
3684,2
3685,0
3686,5
3687,4
3688,5
3689,0
3690,5
3691,5
3692,4
3693,0
3694,1
3695,5
3696,0
3697,5
3698,0
3699,4
3700,5
3701,0
3702,0
3703,0
3704,0
3705,5
3706,4
3707,0
3708,5
3709,5
3710,0
3711,0
3712,0
3713,5
3714,2
3715,5
3716,0
3717,4
3718,4
3719,5
3720,0
3721,4
3722,0
3723,1
3724,0
3725,5
3726,0
3727,5
3728,0
3729,4
3730,4
3731,5
3732,5
3733,0
3734,0
3735,2
3736,0
3737,5
3738,0
3739,0
3740,0
3741,4
3742,0
3743,5
3744,0
3745,5
3746,0
3747,5
3748,4
3749,0
3750,4
3751,5
3752,4
3753,5
3754,0
3755,0
3756,5
3757,0
3758,0
3759,2
3760,5
3761,0
3762,0
3763,0
3764,0
3765,0
3766,0
3767,0
3768,5
3769,4
3770,5
3771,2
3772,0
3773,4
3774,5
3775,5
3776,5
3777,4
3778,0
3779,0
3780,0
3781,5
3782,0
3783,5
3784,4
3785,5
3786,5
3787,0
3788,0
3789,0
3790,4
3791,5
3792,0
3793,4
3794,0
3795,5
3796,4
3797,5
3798,4
3799,0
3800,5
3801,0
3802,5
3803,0
3804,0
3805,1
3806,5
3807,4
3808,0
3809,4
3810,0
3811,4
3812,0
3813,0
3814,1
3815,0
3816,0
3817,0
3818,5
3819,5
3820,5
3821,0
3822,0
3823,0
3824,5
3825,0
3826,5
3827,0
3828,0
3829,5
3830,5
3831,4
3832,5
3833,0
3834,0
3835,5
3836,0
3837,4
3838,0
3839,5
3840,4
3841,0
3842,0
3843,5
3844,4
3845,5
3846,4
3847,0
3848,2
3849,5
3850,0
3851,0
3852,5
3853,0
3854,4
3855,5
3856,0
3857,5
3858,0
3859,5
3860,5
3861,5
3862,5
3863,0
3864,0
3865,2
3866,5
3867,0
3868,0
3869,4
3870,4
3871,0
3872,0
3873,0
3874,5
3875,0
3876,0
3877,5
3878,5
3879,0
3880,5
3881,5
3882,0
3883,0
3884,5
3885,4
3886,0
3887,4
3888,0
3889,5
3890,4
3891,0
3892,2
3893,4
3894,0
3895,5
3896,0
3897,0
3898,2
3899,5
3900,0
3901,0
3902,4
3903,4
3904,0
3905,5
3906,0
3907,0
3908,0
3909,0
3910,0
3911,4
3912,0
3913,5
3914,5
3915,5
3916,4
3917,5
3918,0
3919,0
3920,0
3921,5
3922,5
3923,5
3924,1
3925,5
3926,0
3927,4
3928,5
3929,5
3930,0
3931,5
3932,0
3933,5
3934,1
3935,0
3936,2
3937,0
3938,0
3939,5
3940,0
3941,5
3942,0
3943,2
3944,5
3945,0
3946,5
3947,0
3948,0
3949,0
3950,5
3951,5
3952,5
3953,0
3954,5
3955,5
3956,0
3957,2
3958,4
3959,4
3960,4
3961,5
3962,0
3963,5
3964,0
3965,2
3966,0
3967,0
3968,0
3969,0
3970,4
3971,5
3972,5
3973,4
3974,0
3975,0
3976,0
3977,0
3978,4
3979,0
3980,5
3981,0
3982,0
3983,0
3984,5
3985,4
3986,5
3987,0
3988,0
3989,0
3990,5
3991,4
3992,0
3993,0
3994,5
3995,0
3996,4
3997,2
3998,4
3999,5
4000,0
4001,5
4002,5
4003,5
4004,0
4005,1
4006,0
4007,5
4008,0
4009,4
4010,0
4011,0
4012,0
4013,5
4014,4
4015,5
4016,2
4017,4
4018,0
4019,0
4020,0
4021,2
4022,0
4023,2
4024,5
4025,2
4026,0
4027,4
4028,0
4029,2
4030,0
4031,5
4032,5
4033,0
4034,0
4035,5
4036,0
4037,0
4038,0
4039,0
4040,0
4041,0
4042,5
4043,0
4044,0
4045,0
4046,0
4047,0
4048,5
4049,0
4050,5
4051,0
4052,4
4053,0
4054,5
4055,5
4056,4
4057,0
4058,5
4059,2
4060,5
4061,0
4062,2
4063,5
4064,0
4065,4
4066,0
4067,5
4068,0
4069,5
4070,5
4071,5
4072,5
4073,5
4074,5
4075,0
4076,0
4077,0
4078,0
4079,5
4080,0
4081,0
4082,5
4083,2
4084,2
4085,5
4086,0
4087,0
4088,5
4089,0
4090,5
4091,5
4092,0
4093,1
4094,5
4095,5
4096,4
4097,0
4098,0
4099,1
4100,5
4101,5
4102,0
4103,5
4104,0
4105,4
4106,0
4107,0
4108,5
4109,5
4110,5
4111,5
4112,2
4113,4
4114,0
4115,4
4116,5
4117,5
4118,0
4119,4
4120,4
4121,5
4122,5
4123,5
4124,0
4125,5
4126,0
4127,5
4128,5
4129,0
4130,2
4131,0
4132,0
4133,5
4134,4
4135,4
4136,0
4137,5
4138,5
4139,2
4140,0
4141,0
4142,5
4143,4
4144,4
4145,0
4146,0
4147,0
4148,0
4149,0
4150,0
4151,5
4152,2
4153,5
4154,5
4155,0
4156,0
4157,4
4158,5
4159,5
4160,5
4161,0
4162,2
4163,0
4164,5
4165,0
4166,4
4167,0
4168,0
4169,0
4170,0
4171,4
4172,0
4173,5
4174,0
4175,5
4176,5
4177,4
4178,0
4179,0
4180,2
4181,0
4182,0
4183,4
4184,5
4185,0
4186,2
4187,0
4188,5
4189,5
4190,4
4191,4
4192,0
4193,5
4194,0
4195,0
4196,5
4197,5
4198,5
4199,5
4200,0
4201,5
4202,5
4203,4
4204,4
4205,0
4206,0
4207,4
4208,4
4209,4
4210,0
4211,0
4212,0
4213,5
4214,0
4215,4
4216,5
4217,0
4218,5
4219,4
4220,5
4221,4
4222,4
4223,0
4224,4
4225,0
4226,5
4227,0
4228,5
4229,5
4230,4
4231,0
4232,5
4233,5
4234,5
4235,5
4236,0
4237,4
4238,0
4239,4
4240,4
4241,0
4242,0
4243,0
4244,0
4245,2
4246,0
4247,0
4248,5
4249,5
4250,0
4251,5
4252,5
4253,0
4254,2
4255,0
4256,0
4257,5
4258,0
4259,0
4260,4
4261,0
4262,5
4263,4
4264,5
4265,0
4266,0
4267,5
4268,0
4269,5
4270,5
4271,4
4272,5
4273,5
4274,5
4275,5
4276,4
4277,0
4278,0
4279,5
4280,4
4281,4
4282,5
4283,5
4284,5
4285,5
4286,0
4287,0
4288,0
4289,5
4290,5
4291,0
4292,5
4293,0
4294,0
4295,4
4296,4
4297,0
4298,0
4299,5
4300,0
4301,0
4302,0
4303,0
4304,0
4305,0
4306,5
4307,4
4308,0
4309,4
4310,4
4311,5
4312,0
4313,0
4314,4
4315,0
4316,0
4317,4
4318,0
4319,0
4320,5
4321,0
4322,4
4323,5
4324,5
4325,0
4326,0
4327,4
4328,5
4329,5
4330,5
4331,0
4332,0
4333,0
4334,5
4335,0
4336,5
4337,5
4338,0
4339,0
4340,5
4341,4
4342,5
4343,0
4344,0
4345,5
4346,0
4347,0
4348,5
4349,4
4350,5
4351,5
4352,5
4353,0
4354,0
4355,0
4356,0
4357,5
4358,5
4359,0
4360,0
4361,0
4362,0
4363,2
4364,5
4365,4
4366,5
4367,0
4368,5
4369,0
4370,0
4371,0
4372,4
4373,0
4374,0
4375,5
4376,0
4377,0
4378,5
4379,5
4380,0
4381,5
4382,0
4383,5
4384,0
4385,0
4386,4
4387,5
4388,5
4389,2
4390,0
4391,0
4392,5
4393,0
4394,4
4395,2
4396,0
4397,5
4398,2
4399,4
4400,0
4401,5
4402,4
4403,0
4404,4
4405,2
4406,0
4407,5
4408,0
4409,5
4410,5
4411,0
4412,5
4413,4
4414,5
4415,5
4416,5
4417,5
4418,0
4419,4
4420,0
4421,5
4422,5
4423,4
4424,0
4425,5
4426,5
4427,0
4428,5
4429,0
4430,5
4431,0
4432,0
4433,5
4434,4
4435,5
4436,5
4437,5
4438,5
4439,0
4440,4
4441,0
4442,5
4443,5
4444,4
4445,4
4446,0
4447,4
4448,0
4449,0
4450,4
4451,0
4452,0
4453,0
4454,5
4455,5
4456,5
4457,0
4458,0
4459,5
4460,0
4461,5
4462,4
4463,0
4464,5
4465,4
4466,0
4467,2
4468,5
4469,0
4470,4
4471,0
4472,0
4473,5
4474,4
4475,0
4476,0
4477,0
4478,0
4479,4
4480,0
4481,0
4482,0
4483,2
4484,0
4485,0
4486,0
4487,5
4488,0
4489,4
4490,0
4491,4
4492,0
4493,0
4494,0
4495,0
4496,4
4497,5
4498,4
4499,4
4500,0
4501,0
4502,0
4503,0
4504,5
4505,0
4506,5
4507,5
4508,4
4509,0
4510,5
4511,0
4512,0
4513,5
4514,0
4515,5
4516,5
4517,0
4518,0
4519,0
4520,4
4521,0
4522,5
4523,5
4524,5
4525,0
4526,0
4527,0
4528,0
4529,5
4530,0
4531,5
4532,0
4533,0
4534,4
4535,5
4536,4
4537,0
4538,0
4539,5
4540,0
4541,4
4542,5
4543,5
4544,5
4545,5
4546,0
4547,0
4548,0
4549,0
4550,0
4551,0
4552,4
4553,5
4554,4
4555,0
4556,0
4557,0
4558,0
4559,5
4560,0
4561,4
4562,0
4563,5
4564,5
4565,2
4566,4
4567,5
4568,2
4569,2
4570,0
4571,5
4572,0
4573,0
4574,5
4575,5
4576,0
4577,5
4578,5
4579,5
4580,5
4581,0
4582,0
4583,5
4584,0
4585,5
4586,5
4587,0
4588,4
4589,4
4590,0
4591,4
4592,0
4593,5
4594,5
4595,0
4596,5
4597,5
4598,0
4599,4
4600,4
4601,0
4602,5
4603,5
4604,0
4605,0
4606,4
4607,5
4608,0
4609,0
4610,0
4611,0
4612,0
4613,0
4614,0
4615,0
4616,5
4617,5
4618,5
4619,5
4620,5
4621,0
4622,0
4623,0
4624,5
4625,5
4626,5
4627,4
4628,0
4629,4
4630,0
4631,5
4632,0
4633,0
4634,0
4635,4
4636,0
4637,0
4638,5
4639,5
4640,5
4641,0
4642,0
4643,2
4644,0
4645,5
4646,5
4647,5
4648,0
4649,5
4650,5
4651,0
4652,5
4653,4
4654,0
4655,4
4656,5
4657,5
4658,0
4659,5
4660,4
4661,0
4662,0
4663,5
4664,0
4665,0
4666,5
4667,0
4668,0
4669,5
4670,5
4671,5
4672,0
4673,0
4674,4
4675,0
4676,0
4677,5
4678,5
4679,4
4680,5
4681,5
4682,0
4683,0
4684,2
4685,5
4686,5
4687,0
4688,0
4689,0
4690,4
4691,5
4692,4
4693,0
4694,0
4695,0
4696,5
4697,5
4698,4
4699,2
4700,5
4701,4
4702,0
4703,0
4704,5
4705,4
4706,0
4707,0
4708,4
4709,2
4710,0
4711,4
4712,5
4713,5
4714,5
4715,0
4716,0
4717,0
4718,5
4719,5
4720,0
4721,4
4722,2
4723,5
4724,0
4725,4
4726,5
4727,5
4728,0
4729,4
4730,2
4731,0
4732,0
4733,0
4734,0
4735,4
4736,4
4737,0
4738,5
4739,4
4740,5
4741,4
4742,5
4743,0
4744,0
4745,2
4746,0
4747,0
4748,5
4749,5
4750,0
4751,4
4752,0
4753,5
4754,5
4755,4
4756,2
4757,0
4758,0
4759,4
4760,5
4761,4
4762,0
4763,0
4764,0
4765,0
4766,5
4767,5
4768,5
4769,4
4770,4
4771,0
4772,4
4773,4
4774,5
4775,0
4776,4
4777,0
4778,1
4779,0
4780,0
4781,0
4782,0
4783,5
4784,0
4785,5
4786,0
4787,0
4788,0
4789,0
4790,4
4791,5
4792,0
4793,5
4794,5
4795,0
4796,0
4797,0
4798,0
4799,0
4800,0
4801,0
4802,5
4803,5
4804,0
4805,0
4806,0
4807,4
4808,0
4809,4
4810,5
4811,0
4812,4
4813,4
4814,0
4815,5
4816,5
4817,0
4818,4
4819,5
4820,0
4821,0
4822,5
4823,0
4824,0
4825,5
4826,0
4827,5
4828,0
4829,4
4830,0
4831,0
4832,2
4833,0
4834,0
4835,5
4836,0
4837,0
4838,0
4839,5
4840,0
4841,5
4842,5
4843,4
4844,0
4845,0
4846,0
4847,0
4848,0
4849,0
4850,0
4851,4
4852,0
4853,5
4854,0
4855,0
4856,5
4857,5
4858,0
4859,0
4860,5
4861,4
4862,0
4863,5
4864,0
4865,2
4866,0
4867,0
4868,0
4869,4
4870,0
4871,0
4872,5
4873,0
4874,5
4875,0
4876,0
4877,1
4878,2
4879,0
4880,5
4881,0
4882,5
4883,0
4884,0
4885,0
4886,4
4887,4
4888,5
4889,4
4890,5
4891,5
4892,0
4893,0
4894,5
4895,2
4896,0
4897,0
4898,0
4899,0
4900,5
4901,5
4902,5
4903,4
4904,0
4905,5
4906,2
4907,0
4908,0
4909,0
4910,0
4911,4
4912,5
4913,5
4914,0
4915,0
4916,0
4917,2
4918,0
4919,5
4920,0
4921,5
4922,0
4923,2
4924,0
4925,0
4926,0
4927,0
4928,0
4929,0
4930,5
4931,5
4932,5
4933,4
4934,0
4935,0
4936,4
4937,0
4938,4
4939,0
4940,5
4941,2
4942,5
4943,0
4944,5
4945,0
4946,0
4947,0
4948,2
4949,5
4950,4
4951,0
4952,0
4953,4
4954,5
4955,5
4956,0
4957,0
4958,4
4959,5
4960,0
4961,4
4962,5
4963,0
4964,0
4965,0
4966,5
4967,0
4968,0
4969,4
4970,0
4971,5
4972,2
4973,5
4974,4
4975,0
4976,4
4977,0
4978,2
4979,0
4980,0
4981,0
4982,0
4983,4
4984,5
4985,0
4986,0
4987,0
4988,4
4989,0
4990,5
4991,5
4992,2
4993,0
4994,0
4995,0
4996,0
4997,2
4998,5
4999,5
5000,1
5001,5
5002,0
5003,0
5004,5
5005,0
5006,5
5007,2
5008,2
5009,4
5010,2
5011,5
5012,5
5013,5
5014,0
5015,4
5016,5
5017,5
5018,0
5019,4
5020,0
5021,0
5022,5
5023,0
5024,5
5025,0
5026,0
5027,0
5028,0
5029,0
5030,5
5031,0
5032,4
5033,0
5034,0
5035,4
5036,0
5037,2
5038,0
5039,0
5040,0
5041,5
5042,5
5043,0
5044,5
5045,5
5046,0
5047,0
5048,4
5049,0
5050,5
5051,5
5052,4
5053,5
5054,5
5055,0
5056,5
5057,0
5058,5
5059,0
5060,0
5061,0
5062,0
5063,4
5064,0
5065,5
5066,0
5067,0
5068,5
5069,5
5070,0
5071,5
5072,0
5073,0
5074,5
5075,0
5076,0
5077,5
5078,4
5079,0
5080,5
5081,5
5082,5
5083,2
5084,0
5085,5
5086,0
5087,2
5088,0
5089,0
5090,0
5091,2
5092,0
5093,0
5094,4
5095,0
5096,0
5097,5
5098,5
5099,4
5100,5
5101,5
5102,0
5103,0
5104,0
5105,0
5106,0
5107,5
5108,5
5109,0
5110,0
5111,4
5112,5
5113,0
5114,0
5115,2
5116,5
5117,0
5118,0
5119,5
5120,0
5121,5
5122,5
5123,0
5124,0
5125,0
5126,0
5127,0
5128,4
5129,5
5130,4
5131,0
5132,5
5133,5
5134,2
5135,0
5136,0
5137,0
5138,0
5139,0
5140,5
5141,0
5142,0
5143,0
5144,5
5145,5
5146,4
5147,4
5148,5
5149,0
5150,0
5151,5
5152,0
5153,4
5154,0
5155,0
5156,4
5157,0
5158,0
5159,0
5160,5
5161,0
5162,0
5163,0
5164,4
5165,0
5166,0
5167,0
5168,5
5169,0
5170,5
5171,4
5172,0
5173,0
5174,0
5175,0
5176,5
5177,5
5178,5
5179,5
5180,5
5181,0
5182,0
5183,5
5184,0
5185,0
5186,0
5187,4
5188,0
5189,4
5190,5
5191,0
5192,5
5193,4
5194,0
5195,4
5196,0
5197,0
5198,0
5199,4
5200,0
5201,4
5202,0
5203,0
5204,4
5205,4
5206,5
5207,4
5208,5
5209,0
5210,5
5211,2
5212,4
5213,5
5214,0
5215,0
5216,5
5217,5
5218,0
5219,0
5220,0
5221,0
5222,0
5223,5
5224,5
5225,4
5226,0
5227,5
5228,4
5229,5
5230,4
5231,5
5232,5
5233,5
5234,4
5235,0
5236,5
5237,0
5238,0
5239,0
5240,0
5241,5
5242,5
5243,0
5244,5
5245,4
5246,4
5247,1
5248,0
5249,0
5250,0
5251,5
5252,0
5253,4
5254,0
5255,0
5256,0
5257,5
5258,4
5259,5
5260,5
5261,5
5262,5
5263,5
5264,0
5265,0
5266,5
5267,5
5268,0
5269,0
5270,0
5271,0
5272,0
5273,5
5274,4
5275,0
5276,0
5277,5
5278,0
5279,4
5280,0
5281,5
5282,0
5283,5
5284,2
5285,1
5286,5
5287,4
5288,5
5289,0
5290,0
5291,5
5292,0
5293,0
5294,5
5295,4
5296,4
5297,0
5298,0
5299,0
5300,5
5301,0
5302,0
5303,4
5304,0
5305,0
5306,0
5307,0
5308,5
5309,0
5310,0
5311,5
5312,5
5313,5
5314,4
5315,5
5316,0
5317,4
5318,0
5319,4
5320,5
5321,5
5322,0
5323,5
5324,0
5325,0
5326,5
5327,4
5328,0
5329,0
5330,4
5331,4
5332,0
5333,4
5334,0
5335,0
5336,5
5337,0
5338,5
5339,5
5340,0
5341,0
5342,5
5343,0
5344,5
5345,0
5346,0
5347,5
5348,0
5349,0
5350,0
5351,0
5352,0
5353,5
5354,5
5355,5
5356,2
5357,0
5358,0
5359,2
5360,0
5361,2
5362,5
5363,5
5364,4
5365,5
5366,5
5367,0
5368,4
5369,4
5370,0
5371,0
5372,5
5373,4
5374,4
5375,5
5376,5
5377,0
5378,0
5379,4
5380,0
5381,5
5382,0
5383,0
5384,0
5385,0
5386,2
5387,5
5388,5
5389,0
5390,0
5391,5
5392,0
5393,5
5394,4
5395,5
5396,0
5397,0
5398,0
5399,0
5400,5
5401,0
5402,5
5403,5
5404,0
5405,0
5406,5
5407,0
5408,5
5409,4
5410,0
5411,0
5412,0
5413,0
5414,5
5415,5
5416,4
5417,0
5418,0
5419,0
5420,0
5421,0
5422,4
5423,0
5424,4
5425,0
5426,0
5427,0
5428,3
5429,0
5430,0
5431,0
5432,0
5433,0
5434,5
5435,5
5436,5
5437,0
5438,5
5439,0
5440,5
5441,0
5442,5
5443,0
5444,0
5445,5
5446,0
5447,5
5448,5
5449,2
5450,0
5451,0
5452,5
5453,0
5454,5
5455,5
5456,2
5457,5
5458,5
5459,2
5460,5
5461,4
5462,0
5463,4
5464,0
5465,5
5466,5
5467,0
5468,5
5469,5
5470,4
5471,0
5472,0
5473,2
5474,0
5475,2
5476,4
5477,0
5478,0
5479,0
5480,0
5481,0
5482,0
5483,4
5484,0
5485,5
5486,4
5487,4
5488,5
5489,0
5490,0
5491,0
5492,5
5493,0
5494,5
5495,0
5496,0
5497,5
5498,0
5499,0
5500,4
5501,5
5502,5
5503,0
5504,4
5505,0
5506,5
5507,5
5508,5
5509,0
5510,0
5511,0
5512,0
5513,4
5514,4
5515,4
5516,0
5517,4
5518,0
5519,4
5520,4
5521,0
5522,0
5523,4
5524,5
5525,0
5526,0
5527,0
5528,0
5529,0
5530,0
5531,5
5532,0
5533,4
5534,0
5535,0
5536,0
5537,5
5538,5
5539,0
5540,0
5541,0
5542,5
5543,0
5544,4
5545,0
5546,5
5547,5
5548,5
5549,0
5550,4
5551,0
5552,0
5553,0
5554,5
5555,4
5556,5
5557,0
5558,5
5559,0
5560,0
5561,5
5562,1
5563,0
5564,0
5565,0
5566,0
5567,5
5568,5
5569,0
5570,2
5571,5
5572,5
5573,0
5574,0
5575,5
5576,0
5577,2
5578,5
5579,0
5580,5
5581,5
5582,4
5583,5
5584,5
5585,5
5586,0
5587,0
5588,5
5589,0
5590,0
5591,5
5592,4
5593,0
5594,5
5595,0
5596,5
5597,0
5598,0
5599,0
5600,5
5601,5
5602,2
5603,0
5604,4
5605,0
5606,5
5607,5
5608,5
5609,4
5610,5
5611,0
5612,0
5613,4
5614,0
5615,5
5616,0
5617,0
5618,0
5619,0
5620,0
5621,5
5622,0
5623,4
5624,4
5625,4
5626,0
5627,0
5628,5
5629,5
5630,5
5631,5
5632,5
5633,5
5634,4
5635,5
5636,5
5637,5
5638,5
5639,4
5640,5
5641,0
5642,5
5643,0
5644,0
5645,5
5646,5
5647,5
5648,5
5649,5
5650,5
5651,0
5652,0
5653,5
5654,0
5655,4
5656,0
5657,4
5658,4
5659,0
5660,0
5661,5
5662,0
5663,0
5664,2
5665,0
5666,4
5667,4
5668,2
5669,0
5670,4
5671,0
5672,5
5673,0
5674,5
5675,4
5676,5
5677,0
5678,5
5679,0
5680,0
5681,5
5682,2
5683,4
5684,4
5685,0
5686,5
5687,4
5688,0
5689,0
5690,4
5691,5
5692,5
5693,2
5694,5
5695,5
5696,0
5697,0
5698,0
5699,4
5700,0
5701,0
5702,0
5703,0
5704,5
5705,0
5706,0
5707,4
5708,0
5709,2
5710,0
5711,0
5712,5
5713,5
5714,0
5715,4
5716,0
5717,4
5718,5
5719,0
5720,0
5721,0
5722,4
5723,5
5724,5
5725,5
5726,0
5727,0
5728,0
5729,0
5730,4
5731,5
5732,5
5733,0
5734,5
5735,5
5736,0
5737,0
5738,0
5739,5
5740,0
5741,0
5742,5
5743,0
5744,4
5745,0
5746,4
5747,0
5748,0
5749,0
5750,4
5751,0
5752,0
5753,0
5754,0
5755,5
5756,0
5757,0
5758,5
5759,0
5760,0
5761,0
5762,0
5763,5
5764,5
5765,5
5766,0
5767,2
5768,0
5769,0
5770,4
5771,5
5772,5
5773,0
5774,5
5775,0
5776,0
5777,0
5778,0
5779,5
5780,0
5781,5
5782,2
5783,2
5784,4
5785,0
5786,0
5787,5
5788,0
5789,0
5790,0
5791,0
5792,0
5793,0
5794,0
5795,0
5796,0
5797,0
5798,0
5799,5
5800,0
5801,0
5802,5
5803,0
5804,4
5805,5
5806,0
5807,4
5808,0
5809,4
5810,5
5811,0
5812,0
5813,0
5814,5
5815,5
5816,5
5817,0
5818,5
5819,5
5820,0
5821,4
5822,5
5823,4
5824,0
5825,5
5826,1
5827,4
5828,5
5829,5
5830,5
5831,5
5832,5
5833,5
5834,5
5835,0
5836,0
5837,0
5838,4
5839,5
5840,0
5841,5
5842,0
5843,0
5844,0
5845,0
5846,5
5847,0
5848,0
5849,5
5850,0
5851,5
5852,0
5853,0
5854,0
5855,0
5856,5
5857,0
5858,0
5859,4
5860,0
5861,0
5862,0
5863,0
5864,5
5865,5
5866,0
5867,0
5868,2
5869,0
5870,4
5871,5
5872,5
5873,0
5874,5
5875,0
5876,5
5877,0
5878,0
5879,0
5880,0
5881,5
5882,0
5883,0
5884,5
5885,0
5886,0
5887,4
5888,0
5889,0
5890,2
5891,0
5892,4
5893,0
5894,0
5895,0
5896,0
5897,0
5898,2
5899,0
5900,0
5901,5
5902,0
5903,2
5904,0
5905,5
5906,0
5907,0
5908,0
5909,0
5910,0
5911,5
5912,5
5913,0
5914,5
5915,0
5916,5
5917,4
5918,5
5919,0
5920,5
5921,5
5922,0
5923,0
5924,4
5925,0
5926,0
5927,0
5928,5
5929,4
5930,0
5931,0
5932,4
5933,5
5934,0
5935,5
5936,5
5937,0
5938,4
5939,5
5940,0
5941,0
5942,5
5943,5
5944,4
5945,0
5946,4
5947,5
5948,4
5949,5
5950,0
5951,0
5952,0
5953,0
5954,0
5955,0
5956,0
5957,5
5958,2
5959,0
5960,2
5961,0
5962,0
5963,2
5964,0
5965,0
5966,0
5967,0
5968,0
5969,0
5970,5
5971,5
5972,5
5973,1
5974,0
5975,5
5976,0
5977,4
5978,0
5979,0
5980,0
5981,4
5982,5
5983,5
5984,0
5985,5
5986,0
5987,5
5988,0
5989,5
5990,5
5991,0
5992,4
5993,5
5994,0
5995,0
5996,5
5997,5
5998,5
5999,2
6000,0
6001,0
6002,0
6003,5
6004,4
6005,5
6006,5
6007,4
6008,2
6009,5
6010,0
6011,5
6012,0
6013,0
6014,2
6015,0
6016,0
6017,0
6018,0
6019,2
6020,0
6021,4
6022,0
6023,0
6024,0
6025,0
6026,0
6027,0
6028,0
6029,5
6030,0
6031,5
6032,4
6033,0
6034,0
6035,5
6036,0
6037,0
6038,5
6039,0
6040,0
6041,5
6042,0
6043,0
6044,4
6045,0
6046,0
6047,0
6048,5
6049,5
6050,5
6051,5
6052,5
6053,5
6054,5
6055,5
6056,4
6057,2
6058,5
6059,4
6060,5
6061,0
6062,4
6063,0
6064,0
6065,5
6066,0
6067,0
6068,5
6069,4
6070,0
6071,0
6072,0
6073,0
6074,0
6075,0
6076,5
6077,0
6078,5
6079,0
6080,0
6081,5
6082,0
6083,2
6084,0
6085,4
6086,5
6087,5
6088,5
6089,0
6090,5
6091,0
6092,2
6093,0
6094,5
6095,4
6096,4
6097,0
6098,5
6099,0
6100,2
6101,0
6102,0
6103,5
6104,0
6105,0
6106,5
6107,5
6108,5
6109,0
6110,0
6111,0
6112,0
6113,2
6114,2
6115,0
6116,4
6117,4
6118,0
6119,5
6120,0
6121,0
6122,5
6123,5
6124,5
6125,5
6126,0
6127,5
6128,0
6129,0
6130,0
6131,0
6132,5
6133,0
6134,0
6135,0
6136,1
6137,0
6138,5
6139,0
6140,5
6141,0
6142,5
6143,5
6144,5
6145,0
6146,0
6147,0
6148,5
6149,4
6150,5
6151,4
6152,0
6153,5
6154,5
6155,0
6156,0
6157,0
6158,5
6159,5
6160,5
6161,5
6162,5
6163,0
6164,0
6165,0
6166,0
6167,5
6168,5
6169,0
6170,4
6171,5
6172,5
6173,0
6174,1
6175,4
6176,4
6177,4
6178,0
6179,4
6180,2
6181,5
6182,0
6183,5
6184,0
6185,5
6186,4
6187,4
6188,0
6189,0
6190,0
6191,5
6192,4
6193,5
6194,4
6195,0
6196,0
6197,0
6198,5
6199,5
6200,0
6201,4
6202,5
6203,5
6204,4
6205,5
6206,0
6207,0
6208,2
6209,5
6210,4
6211,4
6212,5
6213,0
6214,4
6215,0
6216,0
6217,4
6218,1
6219,0
6220,2
6221,0
6222,0
6223,0
6224,0
6225,0
6226,0
6227,0
6228,4
6229,5
6230,0
6231,2
6232,0
6233,4
6234,1
6235,0
6236,5
6237,0
6238,5
6239,4
6240,5
6241,0
6242,5
6243,0
6244,4
6245,5
6246,5
6247,5
6248,5
6249,0
6250,5
6251,5
6252,0
6253,4
6254,0
6255,5
6256,0
6257,4
6258,0
6259,0
6260,0
6261,0
6262,0
6263,0
6264,4
6265,4
6266,5
6267,5
6268,0
6269,4
6270,0
6271,0
6272,0
6273,5
6274,0
6275,5
6276,5
6277,5
6278,4
6279,0
6280,4
6281,5
6282,4
6283,0
6284,2
6285,0
6286,5
6287,0
6288,0
6289,0
6290,5
6291,5
6292,0
6293,0
6294,4
6295,0
6296,0
6297,5
6298,5
6299,0
6300,5
6301,0
6302,4
6303,4
6304,4
6305,4
6306,0
6307,0
6308,4
6309,0
6310,0
6311,5
6312,5
6313,4
6314,0
6315,0
6316,0
6317,5
6318,0
6319,0
6320,5
6321,0
6322,0
6323,0
6324,0
6325,0
6326,4
6327,0
6328,5
6329,4
6330,0
6331,5
6332,5
6333,0
6334,0
6335,4
6336,0
6337,0
6338,0
6339,0
6340,5
6341,0
6342,2
6343,0
6344,0
6345,5
6346,4
6347,5
6348,5
6349,5
6350,5
6351,0
6352,4
6353,0
6354,5
6355,5
6356,5
6357,4
6358,5
6359,5
6360,5
6361,5
6362,5
6363,0
6364,0
6365,5
6366,0
6367,5
6368,5
6369,5
6370,0
6371,0
6372,0
6373,4
6374,5
6375,5
6376,5
6377,0
6378,0
6379,4
6380,0
6381,2
6382,5
6383,4
6384,4
6385,5
6386,4
6387,2
6388,4
6389,0
6390,0
6391,0
6392,0
6393,0
6394,0
6395,5
6396,0
6397,0
6398,5
6399,5
6400,0
6401,5
6402,2
6403,5
6404,0
6405,0
6406,5
6407,0
6408,5
6409,5
6410,5
6411,0
6412,0
6413,0
6414,4
6415,4
6416,0
6417,0
6418,0
6419,5
6420,5
6421,4
6422,0
6423,5
6424,0
6425,5
6426,0
6427,0
6428,4
6429,5
6430,0
6431,0
6432,5
6433,0
6434,4
6435,0
6436,5
6437,5
6438,0
6439,0
6440,5
6441,5
6442,5
6443,0
6444,0
6445,0
6446,0
6447,0
6448,4
6449,0
6450,4
6451,5
6452,2
6453,0
6454,5
6455,5
6456,0
6457,0
6458,0
6459,5
6460,0
6461,5
6462,0
6463,2
6464,0
6465,4
6466,0
6467,5
6468,5
6469,0
6470,5
6471,4
6472,4
6473,0
6474,0
6475,4
6476,0
6477,0
6478,0
6479,0
6480,5
6481,0
6482,5
6483,0
6484,0
6485,4
6486,0
6487,5
6488,4
6489,5
6490,0
6491,0
6492,0
6493,5
6494,0
6495,5
6496,4
6497,0
6498,0
6499,5
6500,5
6501,5
6502,0
6503,0
6504,4
6505,4
6506,0
6507,0
6508,0
6509,5
6510,0
6511,4
6512,0
6513,2
6514,5
6515,0
6516,5
6517,5
6518,4
6519,5
6520,0
6521,4
6522,5
6523,0
6524,0
6525,1
6526,0
6527,4
6528,0
6529,0
6530,5
6531,4
6532,0
6533,4
6534,0
6535,5
6536,0
6537,5
6538,5
6539,0
6540,4
6541,5
6542,0
6543,0
6544,2
6545,0
6546,5
6547,0
6548,0
6549,5
6550,5
6551,4
6552,4
6553,0
6554,0
6555,0
6556,0
6557,0
6558,0
6559,4
6560,4
6561,5
6562,0
6563,5
6564,0
6565,0
6566,4
6567,0
6568,0
6569,4
6570,0
6571,5
6572,5
6573,0
6574,0
6575,4
6576,5
6577,0
6578,0
6579,2
6580,0
6581,0
6582,0
6583,0
6584,0
6585,0
6586,5
6587,4
6588,0
6589,5
6590,5
6591,0
6592,5
6593,2
6594,0
6595,0
6596,2
6597,5
6598,5
6599,0
6600,5
6601,5
6602,0
6603,0
6604,0
6605,0
6606,5
6607,5
6608,5
6609,0
6610,0
6611,5
6612,0
6613,5
6614,0
6615,4
6616,5
6617,4
6618,2
6619,0
6620,5
6621,5
6622,2
6623,0
6624,2
6625,4
6626,5
6627,4
6628,5
6629,0
6630,0
6631,4
6632,4
6633,5
6634,0
6635,0
6636,5
6637,0
6638,5
6639,5
6640,0
6641,5
6642,5
6643,5
6644,4
6645,0
6646,2
6647,0
6648,0
6649,5
6650,4
6651,4
6652,0
6653,0
6654,0
6655,0
6656,5
6657,1
6658,0
6659,5
6660,0
6661,5
6662,4
6663,5
6664,0
6665,0
6666,5
6667,5
6668,5
6669,5
6670,5
6671,5
6672,5
6673,0
6674,5
6675,5
6676,0
6677,4
6678,0
6679,0
6680,0
6681,4
6682,0
6683,1
6684,2
6685,5
6686,0
6687,5
6688,0
6689,4
6690,5
6691,0
6692,0
6693,0
6694,0
6695,5
6696,0
6697,5
6698,0
6699,4
6700,1
6701,5
6702,0
6703,0
6704,0
6705,0
6706,5
6707,5
6708,2
6709,5
6710,0
6711,5
6712,0
6713,5
6714,0
6715,0
6716,0
6717,0
6718,5
6719,0
6720,5
6721,4
6722,0
6723,5
6724,0
6725,4
6726,5
6727,0
6728,0
6729,0
6730,5
6731,5
6732,5
6733,0
6734,2
6735,2
6736,5
6737,2
6738,0
6739,0
6740,5
6741,0
6742,4
6743,0
6744,0
6745,2
6746,5
6747,4
6748,2
6749,5
6750,4
6751,0
6752,0
6753,0
6754,5
6755,5
6756,4
6757,5
6758,5
6759,0
6760,4
6761,0
6762,0
6763,4
6764,0
6765,0
6766,5
6767,2
6768,0
6769,0
6770,0
6771,0
6772,4
6773,0
6774,5
6775,5
6776,5
6777,5
6778,0
6779,2
6780,5
6781,2
6782,0
6783,5
6784,4
6785,5
6786,5
6787,5
6788,5
6789,4
6790,5
6791,4
6792,4
6793,0
6794,0
6795,4
6796,0
6797,5
6798,5
6799,0
6800,0
6801,5
6802,5
6803,0
6804,0
6805,0
6806,0
6807,0
6808,0
6809,5
6810,0
6811,4
6812,5
6813,0
6814,0
6815,5
6816,2
6817,5
6818,0
6819,0
6820,5
6821,5
6822,4
6823,0
6824,4
6825,0
6826,0
6827,0
6828,4
6829,0
6830,2
6831,4
6832,5
6833,5
6834,5
6835,0
6836,4
6837,2
6838,5
6839,4
6840,5
6841,4
6842,5
6843,0
6844,4
6845,5
6846,0
6847,5
6848,5
6849,0
6850,0
6851,5
6852,0
6853,5
6854,5
6855,0
6856,5
6857,0
6858,5
6859,0
6860,5
6861,5
6862,4
6863,0
6864,5
6865,0
6866,5
6867,4
6868,5
6869,4
6870,5
6871,5
6872,4
6873,0
6874,4
6875,0
6876,0
6877,4
6878,0
6879,0
6880,0
6881,5
6882,0
6883,0
6884,0
6885,5
6886,5
6887,0
6888,0
6889,4
6890,2
6891,0
6892,0
6893,0
6894,2
6895,0
6896,4
6897,5
6898,0
6899,0
6900,0
6901,0
6902,0
6903,0
6904,5
6905,4
6906,0
6907,0
6908,5
6909,5
6910,0
6911,5
6912,0
6913,5
6914,5
6915,5
6916,0
6917,0
6918,5
6919,4
6920,5
6921,0
6922,0
6923,0
6924,5
6925,5
6926,4
6927,0
6928,5
6929,0
6930,5
6931,2
6932,5
6933,0
6934,5
6935,0
6936,0
6937,0
6938,5
6939,4
6940,0
6941,0
6942,5
6943,0
6944,0
6945,0
6946,0
6947,0
6948,0
6949,0
6950,0
6951,0
6952,0
6953,0
6954,5
6955,0
6956,5
6957,0
6958,5
6959,0
6960,5
6961,0
6962,0
6963,0
6964,5
6965,0
6966,0
6967,0
6968,0
6969,0
6970,0
6971,5
6972,4
6973,0
6974,0
6975,0
6976,0
6977,2
6978,5
6979,0
6980,5
6981,4
6982,0
6983,0
6984,5
6985,0
6986,4
6987,2
6988,0
6989,4
6990,0
6991,5
6992,0
6993,0
6994,5
6995,0
6996,5
6997,4
6998,2
6999,0
7000,5
7001,5
7002,5
7003,0
7004,0
7005,5
7006,0
7007,1
7008,4
7009,0
7010,5
7011,4
7012,5
7013,5
7014,5
7015,5
7016,5
7017,0
7018,2
7019,5
7020,4
7021,0
7022,4
7023,5
7024,2
7025,0
7026,0
7027,4
7028,0
7029,5
7030,5
7031,0
7032,5
7033,5
7034,5
7035,4
7036,5
7037,0
7038,0
7039,5
7040,0
7041,5
7042,0
7043,5
7044,2
7045,0
7046,5
7047,5
7048,4
7049,5
7050,5
7051,5
7052,2
7053,5
7054,0
7055,4
7056,0
7057,5
7058,0
7059,5
7060,0
7061,4
7062,5
7063,5
7064,0
7065,5
7066,0
7067,0
7068,5
7069,4
7070,5
7071,0
7072,0
7073,2
7074,0
7075,5
7076,0
7077,0
7078,1
7079,4
7080,5
7081,5
7082,5
7083,4
7084,0
7085,4
7086,0
7087,0
7088,5
7089,0
7090,5
7091,0
7092,0
7093,5
7094,5
7095,0
7096,0
7097,0
7098,4
7099,0
7100,5
7101,4
7102,0
7103,0
7104,0
7105,0
7106,5
7107,0
7108,4
7109,4
7110,0
7111,5
7112,0
7113,2
7114,0
7115,0
7116,0
7117,0
7118,5
7119,0
7120,5
7121,0
7122,4
7123,5
7124,4
7125,2
7126,5
7127,0
7128,0
7129,0
7130,0
7131,4
7132,0
7133,4
7134,0
7135,4
7136,5
7137,5
7138,4
7139,4
7140,0
7141,5
7142,4
7143,5
7144,5
7145,0
7146,5
7147,0
7148,5
7149,4
7150,0
7151,5
7152,0
7153,5
7154,0
7155,5
7156,0
7157,5
7158,5
7159,0
7160,4
7161,5
7162,0
7163,0
7164,0
7165,5
7166,0
7167,0
7168,5
7169,5
7170,0
7171,4
7172,0
7173,5
7174,0
7175,0
7176,5
7177,5
7178,0
7179,1
7180,4
7181,5
7182,0
7183,0
7184,0
7185,5
7186,0
7187,5
7188,5
7189,5
7190,2
7191,0
7192,0
7193,0
7194,0
7195,0
7196,0
7197,5
7198,5
7199,5
7200,0
7201,4
7202,5
7203,4
7204,0
7205,0
7206,0
7207,2
7208,5
7209,0
7210,5
7211,0
7212,0
7213,5
7214,0
7215,5
7216,5
7217,5
7218,5
7219,0
7220,0
7221,0
7222,5
7223,4
7224,0
7225,0
7226,0
7227,0
7228,0
7229,5
7230,5
7231,2
7232,2
7233,0
7234,0
7235,4
7236,5
7237,0
7238,5
7239,4
7240,5
7241,0
7242,4
7243,0
7244,5
7245,5
7246,5
7247,0
7248,5
7249,4
7250,0
7251,5
7252,0
7253,0
7254,5
7255,5
7256,0
7257,0
7258,5
7259,0
7260,5
7261,2
7262,5
7263,0
7264,0
7265,0
7266,0
7267,0
7268,2
7269,0
7270,4
7271,0
7272,5
7273,5
7274,5
7275,0
7276,5
7277,4
7278,5
7279,5
7280,5
7281,2
7282,0
7283,5
7284,0
7285,0
7286,5
7287,0
7288,4
7289,4
7290,5
7291,0
7292,0
7293,0
7294,0
7295,0
7296,5
7297,0
7298,0
7299,5
7300,5
7301,0
7302,4
7303,5
7304,0
7305,4
7306,2
7307,4
7308,5
7309,1
7310,5
7311,0
7312,2
7313,5
7314,2
7315,0
7316,5
7317,5
7318,0
7319,5
7320,5
7321,4
7322,4
7323,4
7324,5
7325,5
7326,4
7327,4
7328,0
7329,5
7330,5
7331,5
7332,0
7333,0
7334,0
7335,2
7336,2
7337,5
7338,4
7339,4
7340,0
7341,0
7342,0
7343,0
7344,0
7345,4
7346,5
7347,0
7348,0
7349,4
7350,0
7351,5
7352,5
7353,0
7354,0
7355,5
7356,0
7357,5
7358,5
7359,0
7360,4
7361,0
7362,0
7363,5
7364,0
7365,0
7366,5
7367,4
7368,5
7369,4
7370,0
7371,5
7372,0
7373,0
7374,5
7375,5
7376,0
7377,5
7378,0
7379,4
7380,0
7381,5
7382,4
7383,4
7384,5
7385,5
7386,0
7387,4
7388,0
7389,5
7390,0
7391,4
7392,0
7393,0
7394,5
7395,5
7396,0
7397,4
7398,0
7399,5
7400,0
7401,5
7402,0
7403,0
7404,4
7405,5
7406,5
7407,0
7408,1
7409,4
7410,0
7411,5
7412,0
7413,0
7414,0
7415,5
7416,2
7417,2
7418,2
7419,4
7420,5
7421,0
7422,0
7423,0
7424,0
7425,4
7426,0
7427,0
7428,5
7429,0
7430,4
7431,5
7432,4
7433,0
7434,0
7435,4
7436,4
7437,0
7438,5
7439,0
7440,0
7441,0
7442,0
7443,0
7444,5
7445,5
7446,0
7447,0
7448,0
7449,0
7450,5
7451,0
7452,5
7453,5
7454,5
7455,0
7456,4
7457,0
7458,5
7459,0
7460,5
7461,5
7462,5
7463,2
7464,0
7465,0
7466,0
7467,5
7468,4
7469,0
7470,4
7471,2
7472,5
7473,5
7474,5
7475,0
7476,4
7477,5
7478,0
7479,5
7480,5
7481,0
7482,5
7483,0
7484,0
7485,0
7486,5
7487,0
7488,5
7489,5
7490,4
7491,0
7492,0
7493,2
7494,5
7495,0
7496,2
7497,5
7498,0
7499,5
7500,5
7501,0
7502,4
7503,4
7504,0
7505,5
7506,4
7507,4
7508,0
7509,0
7510,0
7511,0
7512,0
7513,1
7514,0
7515,5
7516,5
7517,4
7518,4
7519,0
7520,0
7521,5
7522,0
7523,0
7524,0
7525,0
7526,0
7527,0
7528,4
7529,0
7530,5
7531,0
7532,5
7533,4
7534,2
7535,0
7536,0
7537,0
7538,0
7539,4
7540,0
7541,5
7542,4
7543,0
7544,5
7545,0
7546,0
7547,0
7548,5
7549,0
7550,0
7551,4
7552,4
7553,5
7554,4
7555,0
7556,0
7557,0
7558,0
7559,5
7560,4
7561,5
7562,5
7563,5
7564,2
7565,4
7566,2
7567,0
7568,5
7569,5
7570,0
7571,0
7572,0
7573,0
7574,2
7575,5
7576,5
7577,0
7578,0
7579,0
7580,0
7581,0
7582,5
7583,0
7584,0
7585,0
7586,0
7587,4
7588,0
7589,5
7590,0
7591,0
7592,2
7593,0
7594,0
7595,0
7596,5
7597,5
7598,0
7599,5
7600,5
7601,4
7602,1
7603,4
7604,5
7605,0
7606,0
7607,2
7608,0
7609,5
7610,0
7611,0
7612,0
7613,0
7614,0
7615,0
7616,0
7617,0
7618,4
7619,0
7620,5
7621,0
7622,2
7623,0
7624,0
7625,0
7626,0
7627,4
7628,0
7629,0
7630,0
7631,5
7632,0
7633,0
7634,5
7635,5
7636,0
7637,5
7638,0
7639,0
7640,0
7641,0
7642,0
7643,5
7644,4
7645,0
7646,5
7647,5
7648,0
7649,0
7650,5
7651,0
7652,5
7653,0
7654,4
7655,5
7656,0
7657,0
7658,0
7659,0
7660,5
7661,0
7662,0
7663,0
7664,5
7665,5
7666,0
7667,2
7668,4
7669,0
7670,4
7671,5
7672,0
7673,5
7674,0
7675,5
7676,0
7677,5
7678,0
7679,5
7680,0
7681,5
7682,5
7683,4
7684,5
7685,5
7686,5
7687,0
7688,4
7689,0
7690,0
7691,0
7692,0
7693,2
7694,0
7695,0
7696,0
7697,0
7698,0
7699,4
7700,4
7701,0
7702,0
7703,4
7704,0
7705,5
7706,0
7707,0
7708,4
7709,4
7710,0
7711,5
7712,5
7713,5
7714,0
7715,0
7716,0
7717,4
7718,0
7719,4
7720,4
7721,0
7722,4
7723,5
7724,0
7725,2
7726,5
7727,5
7728,5
7729,5
7730,0
7731,2
7732,0
7733,0
7734,4
7735,4
7736,2
7737,0
7738,0
7739,0
7740,5
7741,0
7742,0
7743,2
7744,0
7745,5
7746,5
7747,5
7748,0
7749,4
7750,0
7751,4
7752,0
7753,0
7754,0
7755,0
7756,0
7757,2
7758,5
7759,0
7760,0
7761,0
7762,0
7763,0
7764,5
7765,1
7766,5
7767,0
7768,0
7769,4
7770,5
7771,4
7772,0
7773,4
7774,4
7775,0
7776,0
7777,0
7778,0
7779,0
7780,0
7781,0
7782,0
7783,5
7784,5
7785,4
7786,0
7787,0
7788,5
7789,5
7790,0
7791,0
7792,0
7793,0
7794,3
7795,4
7796,5
7797,0
7798,4
7799,5
7800,5
7801,0
7802,4
7803,5
7804,5
7805,5
7806,5
7807,4
7808,0
7809,5
7810,0
7811,0
7812,2
7813,5
7814,5
7815,4
7816,0
7817,4
7818,5
7819,5
7820,0
7821,0
7822,5
7823,0
7824,0
7825,5
7826,5
7827,5
7828,0
7829,4
7830,0
7831,0
7832,2
7833,4
7834,2
7835,5
7836,5
7837,5
7838,1
7839,0
7840,5
7841,0
7842,5
7843,5
7844,5
7845,0
7846,0
7847,0
7848,2
7849,0
7850,0
7851,0
7852,4
7853,5
7854,4
7855,2
7856,0
7857,5
7858,0
7859,5
7860,0
7861,0
7862,5
7863,0
7864,5
7865,5
7866,5
7867,0
7868,0
7869,5
7870,2
7871,5
7872,5
7873,4
7874,0
7875,5
7876,5
7877,0
7878,0
7879,5
7880,5
7881,5
7882,0
7883,5
7884,5
7885,0
7886,0
7887,0
7888,0
7889,5
7890,4
7891,0
7892,0
7893,0
7894,5
7895,5
7896,4
7897,0
7898,5
7899,5
7900,5
7901,5
7902,0
7903,0
7904,0
7905,0
7906,4
7907,0
7908,5
7909,0
7910,0
7911,0
7912,0
7913,5
7914,5
7915,4
7916,5
7917,5
7918,5
7919,4
7920,5
7921,0
7922,5
7923,4
7924,4
7925,0
7926,5
7927,0
7928,0
7929,4
7930,5
7931,4
7932,0
7933,4
7934,0
7935,0
7936,4
7937,0
7938,0
7939,5
7940,2
7941,0
7942,5
7943,0
7944,5
7945,2
7946,0
7947,5
7948,5
7949,4
7950,2
7951,0
7952,5
7953,0
7954,2
7955,0
7956,0
7957,0
7958,0
7959,4
7960,4
7961,5
7962,5
7963,0
7964,5
7965,0
7966,4
7967,0
7968,0
7969,0
7970,0
7971,5
7972,0
7973,4
7974,4
7975,0
7976,0
7977,5
7978,4
7979,5
7980,4
7981,0
7982,0
7983,0
7984,4
7985,5
7986,0
7987,5
7988,5
7989,5
7990,0
7991,0
7992,4
7993,4
7994,5
7995,5
7996,1
7997,2
7998,0
7999,1
8000,5
8001,5
8002,5
8003,0
8004,4
8005,5
8006,5
8007,5
8008,5
8009,0
8010,0
8011,0
8012,0
8013,0
8014,0
8015,0
8016,0
8017,1
8018,5
8019,0
8020,5
8021,5
8022,0
8023,5
8024,5
8025,0
8026,0
8027,0
8028,5
8029,5
8030,0
8031,4
8032,4
8033,5
8034,4
8035,5
8036,5
8037,5
8038,0
8039,0
8040,4
8041,5
8042,5
8043,5
8044,4
8045,4
8046,0
8047,5
8048,0
8049,0
8050,5
8051,0
8052,5
8053,0
8054,4
8055,5
8056,0
8057,0
8058,0
8059,4
8060,5
8061,2
8062,0
8063,4
8064,0
8065,0
8066,0
8067,5
8068,4
8069,5
8070,5
8071,0
8072,0
8073,0
8074,0
8075,4
8076,5
8077,0
8078,0
8079,0
8080,0
8081,5
8082,5
8083,5
8084,0
8085,5
8086,0
8087,4
8088,5
8089,5
8090,0
8091,4
8092,4
8093,0
8094,0
8095,4
8096,2
8097,4
8098,5
8099,5
8100,5
8101,0
8102,0
8103,0
8104,0
8105,5
8106,5
8107,0
8108,5
8109,5
8110,3
8111,5
8112,4
8113,4
8114,5
8115,0
8116,1
8117,0
8118,0
8119,5
8120,5
8121,0
8122,0
8123,2
8124,0
8125,2
8126,4
8127,0
8128,4
8129,2
8130,0
8131,5
8132,0
8133,5
8134,4
8135,0
8136,5
8137,0
8138,4
8139,5
8140,0
8141,5
8142,0
8143,0
8144,5
8145,5
8146,5
8147,5
8148,5
8149,4
8150,0
8151,0
8152,4
8153,5
8154,5
8155,0
8156,5
8157,5
8158,0
8159,0
8160,5
8161,0
8162,0
8163,0
8164,4
8165,5
8166,0
8167,0
8168,0
8169,2
8170,3
8171,5
8172,5
8173,5
8174,5
8175,0
8176,4
8177,0
8178,0
8179,0
8180,0
8181,0
8182,4
8183,4
8184,0
8185,5
8186,5
8187,5
8188,5
8189,5
8190,0
8191,5
8192,0
8193,0
8194,4
8195,0
8196,0
8197,0
8198,5
8199,0
8200,5
8201,0
8202,0
8203,4
8204,1
8205,0
8206,0
8207,0
8208,4
8209,5
8210,5
8211,0
8212,0
8213,4
8214,4
8215,0
8216,2
8217,4
8218,0
8219,0
8220,1
8221,0
8222,2
8223,4
8224,4
8225,0
8226,5
8227,5
8228,0
8229,5
8230,0
8231,0
8232,5
8233,0
8234,4
8235,0
8236,5
8237,0
8238,0
8239,4
8240,0
8241,5
8242,4
8243,5
8244,4
8245,5
8246,5
8247,0
8248,5
8249,4
8250,2
8251,5
8252,4
8253,0
8254,0
8255,0
8256,2
8257,4
8258,0
8259,5
8260,0
8261,0
8262,0
8263,0
8264,5
8265,0
8266,0
8267,4
8268,5
8269,0
8270,0
8271,0
8272,5
8273,0
8274,5
8275,5
8276,5
8277,5
8278,4
8279,2
8280,5
8281,0
8282,5
8283,0
8284,5
8285,5
8286,0
8287,0
8288,5
8289,4
8290,0
8291,0
8292,0
8293,0
8294,0
8295,0
8296,4
8297,0
8298,5
8299,1
8300,0
8301,0
8302,3
8303,2
8304,5
8305,0
8306,4
8307,0
8308,0
8309,0
8310,0
8311,5
8312,5
8313,2
8314,4
8315,0
8316,0
8317,5
8318,5
8319,5
8320,0
8321,5
8322,5
8323,5
8324,0
8325,4
8326,0
8327,0
8328,5
8329,0
8330,0
8331,5
8332,5
8333,0
8334,5
8335,5
8336,5
8337,2
8338,4
8339,0
8340,0
8341,4
8342,5
8343,0
8344,5
8345,5
8346,5
8347,5
8348,4
8349,4
8350,0
8351,0
8352,5
8353,0
8354,5
8355,0
8356,0
8357,4
8358,4
8359,4
8360,0
8361,0
8362,5
8363,5
8364,5
8365,0
8366,4
8367,4
8368,5
8369,4
8370,0
8371,5
8372,5
8373,4
8374,0
8375,0
8376,5
8377,5
8378,5
8379,5
8380,0
8381,0
8382,0
8383,0
8384,5
8385,0
8386,5
8387,5
8388,5
8389,0
8390,0
8391,0
8392,5
8393,0
8394,0
8395,0
8396,0
8397,0
8398,0
8399,0
8400,0
8401,0
8402,0
8403,0
8404,0
8405,0
8406,0
8407,0
8408,5
8409,5
8410,5
8411,0
8412,4
8413,2
8414,5
8415,0
8416,0
8417,2
8418,4
8419,0
8420,0
8421,0
8422,5
8423,0
8424,5
8425,5
8426,0
8427,0
8428,5
8429,2
8430,4
8431,0
8432,4
8433,2
8434,0
8435,4
8436,0
8437,4
8438,0
8439,5
8440,0
8441,0
8442,5
8443,0
8444,0
8445,5
8446,5
8447,5
8448,0
8449,0
8450,0
8451,0
8452,0
8453,0
8454,5
8455,5
8456,0
8457,2
8458,0
8459,0
8460,2
8461,0
8462,5
8463,0
8464,5
8465,5
8466,5
8467,4
8468,0
8469,0
8470,0
8471,5
8472,2
8473,0
8474,4
8475,0
8476,5
8477,4
8478,5
8479,0
8480,4
8481,0
8482,4
8483,5
8484,0
8485,5
8486,0
8487,0
8488,0
8489,0
8490,2
8491,4
8492,5
8493,0
8494,5
8495,0
8496,0
8497,0
8498,0
8499,5
8500,5
8501,5
8502,5
8503,4
8504,0
8505,5
8506,0
8507,4
8508,0
8509,5
8510,0
8511,0
8512,5
8513,5
8514,0
8515,4
8516,5
8517,5
8518,0
8519,0
8520,5
8521,4
8522,4
8523,4
8524,0
8525,0
8526,5
8527,0
8528,4
8529,0
8530,5
8531,5
8532,0
8533,0
8534,4
8535,5
8536,0
8537,0
8538,0
8539,0
8540,0
8541,5
8542,0
8543,0
8544,0
8545,4
8546,4
8547,5
8548,2
8549,5
8550,5
8551,2
8552,5
8553,5
8554,0
8555,0
8556,0
8557,0
8558,0
8559,0
8560,4
8561,4
8562,5
8563,1
8564,5
8565,0
8566,5
8567,2
8568,0
8569,5
8570,5
8571,4
8572,2
8573,0
8574,4
8575,5
8576,0
8577,5
8578,0
8579,5
8580,0
8581,5
8582,4
8583,0
8584,0
8585,0
8586,1
8587,4
8588,0
8589,0
8590,0
8591,2
8592,0
8593,5
8594,0
8595,0
8596,5
8597,0
8598,0
8599,0
8600,4
8601,4
8602,5
8603,0
8604,0
8605,0
8606,5
8607,5
8608,4
8609,0
8610,0
8611,2
8612,5
8613,0
8614,0
8615,0
8616,0
8617,0
8618,5
8619,0
8620,4
8621,4
8622,5
8623,0
8624,0
8625,0
8626,0
8627,5
8628,0
8629,5
8630,0
8631,5
8632,2
8633,0
8634,5
8635,5
8636,5
8637,5
8638,0
8639,1
8640,5
8641,5
8642,0
8643,0
8644,1
8645,5
8646,5
8647,0
8648,0
8649,5
8650,0
8651,0
8652,5
8653,0
8654,0
8655,5
8656,0
8657,5
8658,5
8659,5
8660,4
8661,0
8662,0
8663,5
8664,4
8665,0
8666,0
8667,5
8668,5
8669,0
8670,0
8671,5
8672,5
8673,0
8674,0
8675,0
8676,5
8677,0
8678,5
8679,0
8680,0
8681,0
8682,0
8683,4
8684,0
8685,5
8686,0
8687,4
8688,5
8689,5
8690,0
8691,0
8692,0
8693,5
8694,5
8695,0
8696,0
8697,0
8698,0
8699,0
8700,2
8701,5
8702,0
8703,0
8704,5
8705,5
8706,5
8707,4
8708,0
8709,0
8710,2
8711,0
8712,5
8713,0
8714,0
8715,0
8716,0
8717,5
8718,0
8719,5
8720,5
8721,5
8722,5
8723,5
8724,0
8725,5
8726,0
8727,0
8728,0
8729,5
8730,0
8731,5
8732,2
8733,5
8734,0
8735,5
8736,0
8737,0
8738,0
8739,0
8740,0
8741,0
8742,5
8743,0
8744,5
8745,5
8746,0
8747,0
8748,5
8749,5
8750,5
8751,0
8752,4
8753,0
8754,0
8755,5
8756,0
8757,5
8758,0
8759,2
8760,0
8761,5
8762,0
8763,0
8764,2
8765,0
8766,4
8767,2
8768,5
8769,0
8770,0
8771,0
8772,5
8773,0
8774,1
8775,0
8776,0
8777,5
8778,0
8779,0
8780,5
8781,4
8782,5
8783,4
8784,5
8785,5
8786,0
8787,5
8788,2
8789,0
8790,4
8791,4
8792,5
8793,0
8794,0
8795,5
8796,5
8797,0
8798,0
8799,0
8800,4
8801,5
8802,0
8803,5
8804,5
8805,4
8806,0
8807,5
8808,0
8809,0
8810,0
8811,5
8812,0
8813,4
8814,5
8815,4
8816,5
8817,5
8818,5
8819,5
8820,2
8821,5
8822,1
8823,4
8824,5
8825,0
8826,0
8827,0
8828,5
8829,4
8830,0
8831,0
8832,4
8833,0
8834,0
8835,0
8836,5
8837,0
8838,0
8839,5
8840,5
8841,0
8842,5
8843,0
8844,4
8845,5
8846,5
8847,0
8848,5
8849,2
8850,5
8851,0
8852,0
8853,5
8854,0
8855,0
8856,5
8857,0
8858,0
8859,5
8860,0
8861,5
8862,5
8863,4
8864,5
8865,4
8866,4
8867,5
8868,5
8869,5
8870,2
8871,0
8872,4
8873,0
8874,0
8875,5
8876,0
8877,0
8878,0
8879,0
8880,4
8881,0
8882,0
8883,5
8884,0
8885,0
8886,0
8887,5
8888,0
8889,4
8890,4
8891,0
8892,0
8893,5
8894,5
8895,0
8896,5
8897,0
8898,5
8899,0
8900,0
8901,5
8902,0
8903,0
8904,0
8905,0
8906,0
8907,4
8908,0
8909,5
8910,4
8911,0
8912,0
8913,0
8914,4
8915,1
8916,0
8917,0
8918,0
8919,5
8920,5
8921,4
8922,0
8923,0
8924,5
8925,0
8926,0
8927,4
8928,0
8929,4
8930,5
8931,4
8932,5
8933,0
8934,0
8935,4
8936,2
8937,2
8938,0
8939,5
8940,4
8941,5
8942,0
8943,0
8944,5
8945,5
8946,5
8947,0
8948,5
8949,0
8950,5
8951,5
8952,0
8953,4
8954,5
8955,5
8956,0
8957,0
8958,0
8959,5
8960,4
8961,5
8962,5
8963,0
8964,4
8965,0
8966,0
8967,0
8968,0
8969,5
8970,5
8971,5
8972,4
8973,0
8974,0
8975,5
8976,5
8977,0
8978,5
8979,0
8980,0
8981,0
8982,5
8983,0
8984,5
8985,5
8986,5
8987,0
8988,2
8989,0
8990,0
8991,0
8992,0
8993,5
8994,4
8995,0
8996,5
8997,5
8998,2
8999,4
9000,0
9001,0
9002,2
9003,0
9004,5
9005,0
9006,5
9007,2
9008,4
9009,0
9010,4
9011,0
9012,4
9013,0
9014,4
9015,5
9016,5
9017,5
9018,5
9019,0
9020,0
9021,0
9022,0
9023,0
9024,5
9025,0
9026,1
9027,4
9028,5
9029,5
9030,0
9031,0
9032,5
9033,0
9034,0
9035,0
9036,0
9037,5
9038,2
9039,5
9040,5
9041,0
9042,0
9043,0
9044,5
9045,0
9046,0
9047,0
9048,4
9049,5
9050,0
9051,5
9052,5
9053,0
9054,0
9055,5
9056,5
9057,0
9058,0
9059,0
9060,5
9061,5
9062,0
9063,5
9064,5
9065,0
9066,0
9067,4
9068,4
9069,0
9070,5
9071,0
9072,4
9073,0
9074,0
9075,0
9076,4
9077,5
9078,0
9079,5
9080,5
9081,0
9082,5
9083,0
9084,5
9085,0
9086,0
9087,5
9088,4
9089,5
9090,0
9091,5
9092,5
9093,0
9094,0
9095,5
9096,0
9097,4
9098,0
9099,0
9100,0
9101,4
9102,0
9103,5
9104,0
9105,0
9106,4
9107,4
9108,5
9109,0
9110,5
9111,0
9112,0
9113,5
9114,0
9115,0
9116,4
9117,0
9118,0
9119,5
9120,4
9121,0
9122,5
9123,0
9124,5
9125,4
9126,0
9127,0
9128,5
9129,5
9130,5
9131,0
9132,5
9133,5
9134,5
9135,0
9136,5
9137,0
9138,0
9139,5
9140,0
9141,5
9142,0
9143,0
9144,4
9145,0
9146,5
9147,0
9148,0
9149,5
9150,4
9151,0
9152,5
9153,0
9154,5
9155,0
9156,2
9157,0
9158,5
9159,0
9160,0
9161,4
9162,5
9163,0
9164,5
9165,2
9166,0
9167,4
9168,0
9169,5
9170,4
9171,0
9172,5
9173,0
9174,5
9175,5
9176,5
9177,0
9178,5
9179,5
9180,0
9181,0
9182,0
9183,5
9184,0
9185,0
9186,4
9187,5
9188,5
9189,5
9190,0
9191,4
9192,5
9193,0
9194,2
9195,2
9196,0
9197,5
9198,5
9199,0
9200,4
9201,0
9202,5
9203,0
9204,4
9205,0
9206,0
9207,0
9208,0
9209,0
9210,0
9211,5
9212,0
9213,4
9214,4
9215,4
9216,4
9217,5
9218,5
9219,5
9220,5
9221,0
9222,5
9223,4
9224,0
9225,0
9226,5
9227,0
9228,5
9229,0
9230,0
9231,5
9232,4
9233,0
9234,0
9235,5
9236,0
9237,0
9238,0
9239,4
9240,5
9241,0
9242,0
9243,0
9244,1
9245,0
9246,0
9247,0
9248,0
9249,0
9250,0
9251,5
9252,4
9253,0
9254,5
9255,0
9256,5
9257,0
9258,5
9259,5
9260,5
9261,0
9262,0
9263,5
9264,5
9265,5
9266,0
9267,0
9268,0
9269,0
9270,0
9271,4
9272,0
9273,0
9274,0
9275,4
9276,5
9277,4
9278,0
9279,0
9280,0
9281,0
9282,5
9283,5
9284,0
9285,0
9286,4
9287,4
9288,5
9289,5
9290,5
9291,5
9292,4
9293,5
9294,5
9295,0
9296,0
9297,0
9298,0
9299,5
9300,4
9301,4
9302,5
9303,0
9304,0
9305,0
9306,5
9307,5
9308,0
9309,5
9310,5
9311,0
9312,4
9313,0
9314,0
9315,5
9316,0
9317,5
9318,0
9319,0
9320,5
9321,5
9322,0
9323,0
9324,5
9325,5
9326,0
9327,2
9328,5
9329,0
9330,4
9331,0
9332,5
9333,4
9334,5
9335,0
9336,5
9337,5
9338,0
9339,0
9340,5
9341,5
9342,5
9343,0
9344,0
9345,5
9346,5
9347,0
9348,5
9349,0
9350,0
9351,0
9352,5
9353,4
9354,0
9355,5
9356,0
9357,0
9358,0
9359,0
9360,4
9361,5
9362,4
9363,4
9364,5
9365,5
9366,0
9367,0
9368,5
9369,4
9370,0
9371,0
9372,4
9373,5
9374,5
9375,5
9376,0
9377,5
9378,5
9379,0
9380,0
9381,5
9382,0
9383,4
9384,5
9385,0
9386,0
9387,0
9388,5
9389,5
9390,2
9391,2
9392,4
9393,0
9394,5
9395,4
9396,0
9397,0
9398,5
9399,0
9400,5
9401,4
9402,5
9403,5
9404,0
9405,0
9406,2
9407,5
9408,5
9409,4
9410,0
9411,5
9412,5
9413,0
9414,0
9415,2
9416,4
9417,0
9418,0
9419,5
9420,0
9421,0
9422,5
9423,0
9424,4
9425,4
9426,0
9427,5
9428,5
9429,4
9430,5
9431,5
9432,2
9433,5
9434,0
9435,0
9436,0
9437,0
9438,4
9439,0
9440,0
9441,1
9442,4
9443,2
9444,5
9445,0
9446,0
9447,0
9448,4
9449,5
9450,0
9451,4
9452,4
9453,0
9454,0
9455,4
9456,0
9457,0
9458,5
9459,5
9460,0
9461,4
9462,4
9463,5
9464,0
9465,0
9466,5
9467,4
9468,0
9469,5
9470,0
9471,2
9472,5
9473,0
9474,0
9475,0
9476,5
9477,4
9478,2
9479,0
9480,5
9481,4
9482,0
9483,4
9484,4
9485,0
9486,0
9487,2
9488,4
9489,0
9490,0
9491,0
9492,5
9493,5
9494,5
9495,0
9496,4
9497,5
9498,4
9499,4
9500,0
9501,0
9502,0
9503,5
9504,0
9505,5
9506,2
9507,5
9508,5
9509,5
9510,4
9511,0
9512,5
9513,5
9514,0
9515,5
9516,0
9517,0
9518,5
9519,0
9520,5
9521,5
9522,0
9523,5
9524,0
9525,5
9526,0
9527,5
9528,0
9529,5
9530,0
9531,4
9532,4
9533,5
9534,2
9535,0
9536,5
9537,5
9538,0
9539,5
9540,0
9541,4
9542,5
9543,0
9544,0
9545,5
9546,0
9547,4
9548,5
9549,5
9550,4
9551,5
9552,4
9553,0
9554,0
9555,0
9556,0
9557,0
9558,0
9559,5
9560,5
9561,0
9562,4
9563,0
9564,0
9565,0
9566,5
9567,5
9568,2
9569,0
9570,0
9571,0
9572,4
9573,0
9574,4
9575,4
9576,0
9577,0
9578,0
9579,5
9580,0
9581,5
9582,5
9583,0
9584,0
9585,4
9586,0
9587,0
9588,0
9589,2
9590,0
9591,5
9592,5
9593,5
9594,5
9595,0
9596,0
9597,0
9598,0
9599,5
9600,0
9601,0
9602,4
9603,0
9604,5
9605,5
9606,2
9607,0
9608,5
9609,5
9610,0
9611,0
9612,4
9613,5
9614,0
9615,5
9616,0
9617,2
9618,0
9619,0
9620,0
9621,4
9622,0
9623,0
9624,2
9625,4
9626,4
9627,4
9628,5
9629,0
9630,0
9631,0
9632,2
9633,0
9634,0
9635,1
9636,0
9637,0
9638,5
9639,0
9640,0
9641,0
9642,0
9643,0
9644,4
9645,0
9646,0
9647,0
9648,0
9649,0
9650,0
9651,0
9652,0
9653,4
9654,0
9655,5
9656,0
9657,0
9658,0
9659,5
9660,4
9661,5
9662,0
9663,0
9664,5
9665,0
9666,5
9667,0
9668,0
9669,0
9670,5
9671,2
9672,5
9673,5
9674,0
9675,0
9676,5
9677,0
9678,0
9679,5
9680,5
9681,5
9682,2
9683,0
9684,5
9685,5
9686,0
9687,5
9688,0
9689,2
9690,0
9691,0
9692,0
9693,2
9694,5
9695,4
9696,0
9697,0
9698,0
9699,5
9700,0
9701,4
9702,0
9703,0
9704,0
9705,5
9706,4
9707,5
9708,5
9709,5
9710,5
9711,5
9712,5
9713,0
9714,4
9715,5
9716,0
9717,5
9718,0
9719,2
9720,0
9721,5
9722,0
9723,5
9724,2
9725,0
9726,5
9727,5
9728,5
9729,5
9730,4
9731,0
9732,0
9733,5
9734,5
9735,0
9736,4
9737,4
9738,5
9739,0
9740,4
9741,5
9742,0
9743,0
9744,2
9745,0
9746,5
9747,4
9748,0
9749,0
9750,0
9751,0
9752,0
9753,0
9754,5
9755,5
9756,5
9757,0
9758,5
9759,0
9760,0
9761,0
9762,5
9763,5
9764,0
9765,0
9766,0
9767,0
9768,4
9769,0
9770,0
9771,5
9772,5
9773,0
9774,4
9775,5
9776,0
9777,0
9778,0
9779,5
9780,5
9781,5
9782,0
9783,4
9784,5
9785,4
9786,5
9787,4
9788,0
9789,0
9790,2
9791,0
9792,4
9793,5
9794,5
9795,0
9796,0
9797,2
9798,0
9799,5
9800,0
9801,5
9802,0
9803,5
9804,0
9805,2
9806,2
9807,4
9808,0
9809,5
9810,5
9811,5
9812,0
9813,4
9814,0
9815,0
9816,0
9817,0
9818,5
9819,0
9820,5
9821,5
9822,4
9823,5
9824,0
9825,4
9826,0
9827,0
9828,5
9829,0
9830,4
9831,0
9832,0
9833,4
9834,5
9835,0
9836,0
9837,5
9838,5
9839,5
9840,5
9841,5
9842,0
9843,0
9844,0
9845,0
9846,4
9847,0
9848,5
9849,0
9850,5
9851,0
9852,2
9853,0
9854,0
9855,4
9856,5
9857,4
9858,5
9859,0
9860,0
9861,4
9862,0
9863,5
9864,5
9865,0
9866,0
9867,5
9868,0
9869,0
9870,0
9871,0
9872,5
9873,0
9874,0
9875,0
9876,0
9877,0
9878,5
9879,0
9880,0
9881,0
9882,0
9883,5
9884,5
9885,5
9886,0
9887,5
9888,0
9889,0
9890,0
9891,4
9892,5
9893,0
9894,0
9895,0
9896,0
9897,5
9898,2
9899,5
9900,0
9901,0
9902,0
9903,5
9904,4
9905,5
9906,5
9907,5
9908,2
9909,0
9910,5
9911,4
9912,0
9913,4
9914,0
9915,0
9916,0
9917,0
9918,5
9919,5
9920,5
9921,0
9922,0
9923,0
9924,5
9925,0
9926,0
9927,4
9928,0
9929,0
9930,4
9931,4
9932,0
9933,5
9934,4
9935,0
9936,5
9937,0
9938,0
9939,0
9940,0
9941,4
9942,0
9943,5
9944,5
9945,5
9946,0
9947,5
9948,0
9949,5
9950,0
9951,0
9952,0
9953,2
9954,5
9955,5
9956,5
9957,0
9958,4
9959,5
9960,2
9961,5
9962,0
9963,0
9964,0
9965,5
9966,0
9967,0
9968,0
9969,0
9970,2
9971,0
9972,5
9973,5
9974,2
9975,0
9976,4
9977,4
9978,2
9979,2
9980,4
9981,5
9982,0
9983,0
9984,5
9985,4
9986,4
9987,5
9988,5
9989,5
9990,5
9991,0
9992,4
9993,0
9994,0
9995,5
9996,5
9997,0
9998,5
9999,0
10000,5
10001,0
10002,0
10003,5
10004,4
10005,4
10006,0
10007,5
10008,0
10009,0
10010,0
10011,5
10012,5
10013,0
10014,0
10015,2
10016,2
10017,5
10018,5
10019,4
10020,5
10021,5
10022,4
10023,5
10024,5
10025,0
10026,5
10027,4
10028,2
10029,2
10030,4
10031,0
10032,1
10033,0
10034,5
10035,5
10036,4
10037,0
10038,2
10039,0
10040,5
10041,4
10042,0
10043,4
10044,4
10045,5
10046,5
10047,5
10048,0
10049,4
10050,4
10051,4
10052,0
10053,2
10054,4
10055,0
10056,5
10057,5
10058,0
10059,0
10060,5
10061,1
10062,0
10063,4
10064,4
10065,0
10066,0
10067,1
10068,0
10069,0
10070,4
10071,0
10072,0
10073,4
10074,0
10075,0
10076,4
10077,5
10078,0
10079,0
10080,0
10081,0
10082,5
10083,0
10084,5
10085,0
10086,4
10087,0
10088,0
10089,0
10090,0
10091,5
10092,4
10093,4
10094,4
10095,0
10096,5
10097,2
10098,0
10099,4
10100,4
10101,5
10102,5
10103,0
10104,5
10105,0
10106,5
10107,5
10108,0
10109,4
10110,0
10111,4
10112,0
10113,0
10114,0
10115,4
10116,0
10117,0
10118,5
10119,5
10120,0
10121,5
10122,0
10123,5
10124,0
10125,0
10126,5
10127,4
10128,0
10129,2
10130,5
10131,0
10132,5
10133,4
10134,0
10135,0
10136,4
10137,5
10138,4
10139,5
10140,4
10141,2
